match_count,mean_distance,median_distance,min_distance,max_distance,homography_ratio,fundamental_ratio,homography_error,fundamental_error,spatial_coverage,homography_inliers,fundamental_inliers,label
25.555,0.14878324890136718,0.1266017379760742,0.017088006973266602,0.5033408508300782,0.99354333789865,0.9937389943259636,0.001975657492876053,0.014183887671015222,0.9375,253.9,253.95,1
24.5,0.17774517822265626,0.16353591918945312,0.04029888153076172,0.5321691284179687,0.9922448979591837,0.9906122448979592,0.0031533166766166687,0.027892770034840482,0.9375,243.1,242.7,1
6.455,0.20537054443359376,0.1697174072265625,0.03155946731567383,0.5770164794921875,0.9907048799380326,0.9891556932610379,0.003053727149963379,0.030141327950934143,0.9375,63.95,63.85,1
11.185,0.18455564880371095,0.1658915252685547,0.033105892181396486,0.5488278198242188,0.9772016092981672,0.9772016092981672,0.0036272183060646057,0.0292894423361366,0.9375,109.3,109.3,0
18.51,0.18262303161621093,0.16581918334960938,0.04507770919799805,0.5391511840820312,0.9870340356564019,0.9870340356564019,0.0021435822546482085,0.030267025892806894,0.9375,182.7,182.7,1
25.21,0.1893166046142578,0.17435595703125,0.04034848022460937,0.511507568359375,0.9942483141610472,0.9940499801666005,0.0022018708288669584,0.022328464833841426,0.9375,250.65,250.6,1
26.32,0.15753782653808593,0.13633781433105469,0.017088006973266602,0.522547607421875,0.9963905775075987,0.9963905775075987,0.0020514628291130065,0.02265947825874746,0.9375,262.25,262.25,1
0.11,0.4318587646484375,0.44523675537109375,0.19204165649414062,0.6230313110351563,0.22727272727272727,0.4090909090909091,0.009549764394760131,0.05306268539521765,0.75,0.25,0.45,0
0.11,0.4318587646484375,0.44523675537109375,0.19204165649414062,0.6230313110351563,0.22727272727272727,0.4090909090909091,0.009549764394760131,0.05306268539521765,0.75,0.25,0.45,0
11.185,0.18455564880371095,0.1658915252685547,0.033105892181396486,0.5488278198242188,0.9772016092981672,0.9772016092981672,0.0036272183060646057,0.0292894423361366,0.9375,109.3,109.3,0
0.135,0.4038021240234375,0.41183493041992186,0.23768887329101562,0.5097921142578125,0.2222222222222222,0.3333333333333333,0.009852968454360962,0.06684947353552625,0.6875,0.3,0.45,0
25.795,0.14980543518066405,0.13441726684570313,0.02473863410949707,0.5291880493164063,0.9922465594107385,0.9922465594107385,0.002208629697561264,0.04442357447117777,0.9375,255.95,255.95,1
26.185,0.16299766540527344,0.14349913024902344,0.02366431999206543,0.5099137268066406,0.9948443765514607,0.9952262745846859,0.002168075740337372,0.03020668047190856,0.9375,260.5,260.6,1
26.24,0.16133895874023438,0.14177447509765626,0.02505992889404297,0.507614013671875,0.9948551829268293,0.9939024390243902,0.0024463047087192537,0.036227681376819185,0.9375,261.05,260.8,1
25.52,0.15902299499511718,0.14578065490722655,0.03464101791381836,0.49932754516601563,0.9939263322884012,0.9939263322884012,0.0022077779471874237,0.040012555877433034,0.9375,253.65,253.65,1
7.36,0.22849940490722656,0.20919845581054688,0.03364520645141601,0.5789749755859375,0.9898097826086957,0.9898097826086957,0.0030939891934394837,0.04466310557359048,0.9375,72.85,72.85,1
0.335,0.45864620971679687,0.47437960815429686,0.19204165649414062,0.5888938598632812,0.07462686567164178,0.14925373134328357,0.001742611527442932,0.029597210942223878,0.9375,0.25,0.5,0
20.96,0.17106521606445313,0.14925146484375,0.016852298736572267,0.5154454345703126,0.990219465648855,0.9899809160305344,0.001988733112812042,0.025874585121775196,0.9375,207.55,207.5,1
15.455,0.272849365234375,0.2670430603027344,0.09254188537597656,0.5732468872070312,0.9860886444516338,0.9835004852798447,0.004458552002906799,0.043575828356799344,0.9375,152.4,152.0,0
0.11,0.4318587646484375,0.44523675537109375,0.19204165649414062,0.6230313110351563,0.22727272727272727,0.4090909090909091,0.009549764394760131,0.05306268539521765,0.75,0.25,0.45,0
0.11,0.4318587646484375,0.44523675537109375,0.19204165649414062,0.6230313110351563,0.22727272727272727,0.4090909090909091,0.009549764394760131,0.05306268539521765,0.75,0.25,0.45,0
24.875,0.1576239013671875,0.13642579650878905,0.022978250503540038,0.5011227416992188,0.9921608040201005,0.9921608040201005,0.002106643468141556,0.013857339770949505,0.9375,246.8,246.8,1
11.185,0.18455564880371095,0.1658915252685547,0.033105892181396486,0.5488278198242188,0.9772016092981672,0.9772016092981672,0.0036272183060646057,0.0292894423361366,0.9375,109.3,109.3,0
25.16,0.18757273864746093,0.17485421752929686,0.03616628265380859,0.543547607421875,0.9942368839427663,0.9942368839427663,0.003064885139465332,0.020947464868873816,0.9375,250.15,250.15,1
25.805,0.18292581176757813,0.16726026916503905,0.04034848022460937,0.4965440673828125,0.9949622166246851,0.9951559775237357,0.0021412673592567442,0.0376158388409792,0.9375,256.75,256.8,1
26.065,0.15970722961425782,0.13873716735839844,0.022090721130371093,0.5134705200195312,0.9965470938039517,0.996355265681949,0.00217552974820137,0.015769020404206992,0.9375,259.75,259.7,1
0.335,0.45864620971679687,0.47437960815429686,0.19204165649414062,0.5888938598632812,0.07462686567164178,0.14925373134328357,0.001742611527442932,0.029597210942223878,0.9375,0.25,0.5,0
20.185,0.2643623962402344,0.2581162414550781,0.09110433959960937,0.5185903930664062,0.9915779043844439,0.9898439435224177,0.0027590999007225036,0.023095899249781882,0.9375,200.15,199.8,0
0.135,0.4038021240234375,0.41183493041992186,0.23768887329101562,0.5097921142578125,0.2222222222222222,0.3333333333333333,0.009852968454360962,0.06684947353552625,0.6875,0.3,0.45,0
0.1,0.43921054077148436,0.43706695556640623,0.3677336120605469,0.5622882080078125,0.25,0.45,0.015158089399337769,0.06765922856373169,0.6875,0.25,0.45,0
25.5,0.1695147247314453,0.15514508056640625,0.02029778289794922,0.544066162109375,0.9941176470588236,0.993921568627451,0.002468429058790207,0.017703621661332013,0.9375,253.5,253.45,1
15.705,0.27467132568359376,0.2683803405761719,0.09254188537597656,0.53298779296875,0.9847182425978988,0.9723018147086915,0.00352166086435318,0.03733354668755561,0.9375,154.65,152.7,0
0.1,0.43921054077148436,0.43706695556640623,0.3677336120605469,0.5622882080078125,0.25,0.45,0.015158089399337769,0.06765922856373169,0.6875,0.25,0.45,0
21.375,0.17500474548339845,0.15273506164550782,0.028844409942626954,0.5184129638671875,0.9911111111111112,0.9906432748538012,0.0022236256301403044,0.019892416727898325,0.9375,211.85,211.75,1
20.185,0.2643623962402344,0.2581162414550781,0.09110433959960937,0.5185903930664062,0.9915779043844439,0.9898439435224177,0.0027590999007225036,0.023095899249781882,0.9375,200.15,199.8,0
11.185,0.18455564880371095,0.1658915252685547,0.033105892181396486,0.5488278198242188,0.9772016092981672,0.9772016092981672,0.0036272183060646057,0.0292894423361366,0.9375,109.3,109.3,0
15.705,0.27467132568359376,0.2683803405761719,0.09254188537597656,0.53298779296875,0.9847182425978988,0.9723018147086915,0.00352166086435318,0.03733354668755561,0.9375,154.65,152.7,0
22.6,0.17931982421875,0.15506771850585938,0.017435596466064452,0.5431058959960937,0.9920353982300885,0.9920353982300885,0.0020663052797317504,0.015340178546549645,0.9375,224.2,224.2,1
24.055,0.18620150756835938,0.17008233642578124,0.03261901473999024,0.5135640258789063,0.9939721471627521,0.9939721471627521,0.0021599262952804567,0.015931172255650678,0.9375,239.1,239.1,1
0.11,0.4318587646484375,0.44523675537109375,0.19204165649414062,0.6230313110351563,0.22727272727272727,0.4090909090909091,0.009549764394760131,0.05306268539521765,0.75,0.25,0.45,0
15.455,0.272849365234375,0.2670430603027344,0.09254188537597656,0.5732468872070312,0.9860886444516338,0.9835004852798447,0.004458552002906799,0.043575828356799344,0.9375,152.4,152.0,0
8.61,0.2032913360595703,0.18100276184082031,0.029866369247436523,0.5543609008789062,0.9936120789779327,0.9901277584204413,0.003761942982673645,0.07141567697364845,1.0,85.55,85.25,1
9.27,0.18840335083007811,0.16319926452636718,0.01720465087890625,0.5805962524414062,0.9946062567421791,0.994066882416397,0.0024932894110679628,0.023062961241268335,1.0,92.2,92.15,1
25.46,0.17044987487792967,0.15385707092285156,0.02078460884094238,0.5431279907226563,0.9933228593872742,0.9935192458758837,0.0025765478610992433,0.026010130691061627,0.9375,252.9,252.95,1
11.185,0.18455564880371095,0.1658915252685547,0.033105892181396486,0.5488278198242188,0.9772016092981672,0.9772016092981672,0.0036272183060646057,0.0292894423361366,0.9375,109.3,109.3,0
23.41,0.1852681884765625,0.17144677734375,0.02144761085510254,0.5200269165039062,0.9910294745835113,0.9914566424604869,0.0021228137612342834,0.016135731666217137,0.9375,232.0,232.1,1
0.37,0.46972076416015623,0.4690806274414063,0.3675921630859375,0.5943668823242187,0.08108108108108109,0.16216216216216217,0.016236271858215332,0.03332551515631595,0.875,0.3,0.6,0
25.13,0.1877933349609375,0.1745050048828125,0.038832977294921876,0.53934033203125,0.9910465578989256,0.9910465578989256,0.0032987812161445616,0.02404492919665751,0.9375,249.05,249.05,1
25.535,0.1709310302734375,0.15679286193847655,0.03908964157104492,0.5136107177734375,0.9943215194830625,0.9939299001370667,0.002656733989715576,0.027307304614179212,0.9375,253.9,253.8,1
0.37,0.46972076416015623,0.4690806274414063,0.3675921630859375,0.5943668823242187,0.08108108108108109,0.16216216216216217,0.016236271858215332,0.03332551515631595,0.875,0.3,0.6,0
6.505,0.21169119262695313,0.17816845703125,0.03836665344238281,0.6126760864257812,0.9830899308224442,0.9823212913143735,0.0030387192964553833,0.03346489094421116,0.9375,63.95,63.9,1
25.175,0.17764944458007811,0.16392681884765625,0.04190465545654297,0.5283446044921875,0.9936444885799404,0.9934458788480636,0.0026183325052261354,0.03322522733417918,0.9375,250.15,250.1,1
0.1,0.43921054077148436,0.43706695556640623,0.3677336120605469,0.5622882080078125,0.25,0.45,0.015158089399337769,0.06765922856373169,0.6875,0.25,0.45,0
15.455,0.272849365234375,0.2670430603027344,0.09254188537597656,0.5732468872070312,0.9860886444516338,0.9835004852798447,0.004458552002906799,0.043575828356799344,0.9375,152.4,152.0,0
9.24,0.18935325622558594,0.16150541687011719,0.026907247543334963,0.5669038696289063,0.9924242424242424,0.9924242424242424,0.0027718043327331545,0.04875656702922104,1.0,91.7,91.7,1
8.99,0.20642353820800782,0.18736595153808594,0.04939635467529297,0.5842705078125,0.9877641824249166,0.9883203559510567,0.002981897592544556,0.026189783921328962,1.0,88.8,88.85,1
25.665,0.16524742126464845,0.1422814178466797,0.015491933822631835,0.518162109375,0.9953243717124488,0.9951295538671342,0.002608676254749298,0.018230216955817773,0.9375,255.45,255.4,1
20.185,0.2643623962402344,0.2581162414550781,0.09110433959960937,0.5185903930664062,0.9915779043844439,0.9898439435224177,0.0027590999007225036,0.023095899249781882,0.9375,200.15,199.8,0
8.06,0.2274776916503906,0.21000949096679689,0.05087239074707031,0.584486083984375,0.9882133995037221,0.9882133995037221,0.0031716176867485047,0.02855094238153543,1.0,79.65,79.65,1
15.455,0.272849365234375,0.2670430603027344,0.09254188537597656,0.5732468872070312,0.9860886444516338,0.9835004852798447,0.004458552002906799,0.043575828356799344,0.9375,152.4,152.0,0
20.515,0.2671145324707031,0.2597768249511719,0.09110433959960937,0.5506541748046875,0.9907384840360711,0.9885449670972459,0.0037903034687042235,0.031619847020466135,0.9375,203.25,202.8,0
5.705,0.23134075927734374,0.20073863220214844,0.050793701171875,0.5922702026367187,0.9772129710780018,0.9728308501314636,0.003571631908416748,0.03618550565238523,1.0,55.75,55.5,1
0.37,0.46972076416015623,0.4690806274414063,0.3675921630859375,0.5943668823242187,0.08108108108108109,0.16216216216216217,0.016236271858215332,0.03332551515631595,0.875,0.3,0.6,0
20.71,0.18029966735839845,0.15589739990234375,0.025612497329711915,0.5319661865234375,0.9920328343795268,0.9917914051183003,0.0024822235107421877,0.01415109514206378,0.9375,205.45,205.4,1
0.335,0.45864620971679687,0.47437960815429686,0.19204165649414062,0.5888938598632812,0.07462686567164178,0.14925373134328357,0.001742611527442932,0.029597210942223878,0.9375,0.25,0.5,0
9.75,0.17890763854980468,0.14840455627441407,0.025139610290527345,0.5691677856445313,0.9923076923076923,0.9928205128205129,0.0027901601791381837,0.022445382177180145,1.0,96.75,96.8,1
15.705,0.27467132568359376,0.2683803405761719,0.09254188537597656,0.53298779296875,0.9847182425978988,0.9723018147086915,0.00352166086435318,0.03733354668755561,0.9375,154.65,152.7,0
0.11,0.4318587646484375,0.44523675537109375,0.19204165649414062,0.6230313110351563,0.22727272727272727,0.4090909090909091,0.009549764394760131,0.05306268539521765,0.75,0.25,0.45,0
25.67,0.1765891571044922,0.16431068420410155,0.03155946731567383,0.51618212890625,0.9943513829372809,0.9947409427347098,0.0025667589902877807,0.01894933006550394,0.9375,255.25,255.35,1
20.515,0.2671145324707031,0.2597768249511719,0.09110433959960937,0.5506541748046875,0.9907384840360711,0.9885449670972459,0.0037903034687042235,0.031619847020466135,0.9375,203.25,202.8,0
22.525,0.1758342742919922,0.15420765686035157,0.02521903991699219,0.5182123413085937,0.9922308546059934,0.9917869034406215,0.0022951728105545044,0.022200285328886814,0.9375,223.5,223.4,1
24.825,0.16665113830566405,0.151828857421875,0.04180908966064453,0.518424560546875,0.9921450151057402,0.9929506545820745,0.0021412810683250428,0.04655005917676854,0.9375,246.3,246.5,1
15.705,0.27467132568359376,0.2683803405761719,0.09254188537597656,0.53298779296875,0.9847182425978988,0.9723018147086915,0.00352166086435318,0.03733354668755561,0.9375,154.65,152.7,0
8.435,0.20700950622558595,0.18819139099121093,0.03857460403442383,0.5698631591796876,0.989922940130409,0.988737403675163,0.003040037453174591,0.03251474677008297,0.9375,83.5,83.4,1
15.705,0.27467132568359376,0.2683803405761719,0.09254188537597656,0.53298779296875,0.9847182425978988,0.9723018147086915,0.00352166086435318,0.03733354668755561,0.9375,154.65,152.7,0
20.515,0.2671145324707031,0.2597768249511719,0.09110433959960937,0.5506541748046875,0.9907384840360711,0.9885449670972459,0.0037903034687042235,0.031619847020466135,0.9375,203.25,202.8,0
20.185,0.2643623962402344,0.2581162414550781,0.09110433959960937,0.5185903930664062,0.9915779043844439,0.9898439435224177,0.0027590999007225036,0.023095899249781882,0.9375,200.15,199.8,0
26.9,0.15919088745117188,0.13904672241210939,0.013416407585144043,0.5256082153320313,0.9947955390334573,0.9949814126394052,0.001971249133348465,0.01624287846023897,0.9375,267.6,267.65,1
24.24,0.18919595336914063,0.17150509643554687,0.03954743957519531,0.5162828979492188,0.995049504950495,0.995049504950495,0.0021381913125514984,0.016684862088231923,0.9375,241.2,241.2,1
8.335,0.20641401672363283,0.18445596313476562,0.0424735221862793,0.58127099609375,0.9898020395920816,0.9898020395920816,0.0028712236881256103,0.02051133339804672,1.0,82.5,82.5,1
0.11,0.4318587646484375,0.44523675537109375,0.19204165649414062,0.6230313110351563,0.22727272727272727,0.4090909090909091,0.009549764394760131,0.05306268539521765,0.75,0.25,0.45,0
0.475,0.47138113403320314,0.4754366455078125,0.22655683898925782,0.5634216918945313,0.10526315789473684,0.12631578947368421,0.0073126876354217525,0.0528313419493429,0.875,0.5,0.6,0
11.185,0.18455564880371095,0.1658915252685547,0.033105892181396486,0.5488278198242188,0.9772016092981672,0.9772016092981672,0.0036272183060646057,0.0292894423361366,0.9375,109.3,109.3,0
15.705,0.27467132568359376,0.2683803405761719,0.09254188537597656,0.53298779296875,0.9847182425978988,0.9723018147086915,0.00352166086435318,0.03733354668755561,0.9375,154.65,152.7,0
0.475,0.47138113403320314,0.4754366455078125,0.22655683898925782,0.5634216918945313,0.10526315789473684,0.12631578947368421,0.0073126876354217525,0.0528313419493429,0.875,0.5,0.6,0
19.305,0.17913804626464844,0.16169107055664061,0.02660826873779297,0.516693359375,0.9878269878269879,0.9878269878269879,0.002059459835290909,0.024000062868441467,0.9375,190.7,190.7,1
15.705,0.27467132568359376,0.2683803405761719,0.09254188537597656,0.53298779296875,0.9847182425978988,0.9723018147086915,0.00352166086435318,0.03733354668755561,0.9375,154.65,152.7,0
0.37,0.46972076416015623,0.4690806274414063,0.3675921630859375,0.5943668823242187,0.08108108108108109,0.16216216216216217,0.016236271858215332,0.03332551515631595,0.875,0.3,0.6,0
15.455,0.272849365234375,0.2670430603027344,0.09254188537597656,0.5732468872070312,0.9860886444516338,0.9835004852798447,0.004458552002906799,0.043575828356799344,0.9375,152.4,152.0,0
25.945,0.17210165405273437,0.15112908935546876,0.022181072235107423,0.5243624877929688,0.9936403931393332,0.9926768163422625,0.002793899476528168,0.02537569906012583,0.9375,257.8,257.55,1
15.455,0.272849365234375,0.2670430603027344,0.09254188537597656,0.5732468872070312,0.9860886444516338,0.9835004852798447,0.004458552002906799,0.043575828356799344,0.9375,152.4,152.0,0
0.37,0.46972076416015623,0.4690806274414063,0.3675921630859375,0.5943668823242187,0.08108108108108109,0.16216216216216217,0.016236271858215332,0.03332551515631595,0.875,0.3,0.6,0
15.455,0.272849365234375,0.2670430603027344,0.09254188537597656,0.5732468872070312,0.9860886444516338,0.9835004852798447,0.004458552002906799,0.043575828356799344,0.9375,152.4,152.0,0
0.135,0.4038021240234375,0.41183493041992186,0.23768887329101562,0.5097921142578125,0.2222222222222222,0.3333333333333333,0.009852968454360962,0.06684947353552625,0.6875,0.3,0.45,0
24.63,0.19161216735839845,0.17664088439941406,0.030265491485595705,0.5465235595703125,0.9920828258221681,0.9916768168899716,0.00243412971496582,0.021079655288650755,0.9375,244.35,244.25,1
0.335,0.45864620971679687,0.47437960815429686,0.19204165649414062,0.5888938598632812,0.07462686567164178,0.14925373134328357,0.001742611527442932,0.029597210942223878,0.9375,0.25,0.5,0
25.51,0.16297303771972657,0.14597259521484374,0.02891366386413574,0.541287353515625,0.9933359466875735,0.9933359466875735,0.002842552661895752,0.03474945430420482,0.9375,253.4,253.4,1
15.705,0.27467132568359376,0.2683803405761719,0.09254188537597656,0.53298779296875,0.9847182425978988,0.9723018147086915,0.00352166086435318,0.03733354668755561,0.9375,154.65,152.7,0
0.475,0.47138113403320314,0.4754366455078125,0.22655683898925782,0.5634216918945313,0.10526315789473684,0.12631578947368421,0.0073126876354217525,0.0528313419493429,0.875,0.5,0.6,0
11.185,0.18455564880371095,0.1658915252685547,0.033105892181396486,0.5488278198242188,0.9772016092981672,0.9772016092981672,0.0036272183060646057,0.0292894423361366,0.9375,109.3,109.3,0
24.79,0.19508341979980467,0.18028311157226562,0.04084115600585937,0.5207264404296875,0.9943525615167407,0.9945542557482856,0.0023767249286174774,0.024286560803993475,0.9375,246.5,246.55,1
15.705,0.27467132568359376,0.2683803405761719,0.09254188537597656,0.53298779296875,0.9847182425978988,0.9723018147086915,0.00352166086435318,0.03733354668755561,0.9375,154.65,152.7,0
0.335,0.45864620971679687,0.47437960815429686,0.19204165649414062,0.5888938598632812,0.07462686567164178,0.14925373134328357,0.001742611527442932,0.029597210942223878,0.9375,0.25,0.5,0
0.135,0.4038021240234375,0.41183493041992186,0.23768887329101562,0.5097921142578125,0.2222222222222222,0.3333333333333333,0.009852968454360962,0.06684947353552625,0.6875,0.3,0.45,0
23.64,0.1957815704345703,0.17903631591796876,0.03292415618896485,0.5658056030273437,0.9919627749576988,0.9921742808798646,0.002438102811574936,0.042068914784877884,0.9375,234.5,234.55,1
6.74,0.23655230712890624,0.21623126220703126,0.05027922058105469,0.5537111206054688,0.9851632047477745,0.9866468842729971,0.0033983081579208375,0.044951780690236684,1.0,66.4,66.5,1
25.145,0.1544151153564453,0.1368795166015625,0.01697056198120117,0.5069950561523437,0.9940345993239212,0.9942334460131239,0.002445541471242905,0.01796552413081367,0.9375,249.95,250.0,1
20.515,0.2671145324707031,0.2597768249511719,0.09110433959960937,0.5506541748046875,0.9907384840360711,0.9885449670972459,0.0037903034687042235,0.031619847020466135,0.9375,203.25,202.8,0
25.035,0.1494167938232422,0.133760986328125,0.025922962188720703,0.5340524291992188,0.9916117435590174,0.9918114639504694,0.002325403094291687,0.028158122674143644,0.9375,248.25,248.3,1
11.23,0.1846114501953125,0.166421142578125,0.033105892181396486,0.5355184326171875,0.9772929652715939,0.9777382012466608,0.0022667914628982542,0.017380301977328896,0.9375,109.75,109.8,0
23.135,0.18559893798828125,0.17042300415039063,0.02973213768005371,0.5480255737304688,0.9909228441754917,0.9907067214177653,0.002130560725927353,0.01538517278010472,0.9375,229.25,229.2,1
0.1,0.43921054077148436,0.43706695556640623,0.3677336120605469,0.5622882080078125,0.25,0.45,0.015158089399337769,0.06765922856373169,0.6875,0.25,0.45,0
0.1,0.43921054077148436,0.43706695556640623,0.3677336120605469,0.5622882080078125,0.25,0.45,0.015158089399337769,0.06765922856373169,0.6875,0.25,0.45,0
6.745,0.2068712921142578,0.17014111328125,0.017088006973266602,0.58789453125,0.9844329132690882,0.9836916234247591,0.0029887259006500244,0.056432824167266735,0.9375,66.4,66.35,1
25.78,0.17744662475585937,0.16003749084472657,0.021540658950805664,0.5605390014648437,0.9930178432893716,0.9930178432893716,0.002938202917575836,0.020309228115449184,0.9375,256.0,256.0,1
20.185,0.2643623962402344,0.2581162414550781,0.09110433959960937,0.5185903930664062,0.9915779043844439,0.9898439435224177,0.0027590999007225036,0.023095899249781882,0.9375,200.15,199.8,0
22.21,0.18286709594726563,0.15700955200195313,0.024413110733032227,0.5272115478515625,0.9941467807294012,0.9932462854570013,0.0025357702374458314,0.03444821619141804,0.9375,220.8,220.6,1
0.335,0.45864620971679687,0.47437960815429686,0.19204165649414062,0.5888938598632812,0.07462686567164178,0.14925373134328357,0.001742611527442932,0.029597210942223878,0.9375,0.25,0.5,0
0.11,0.4318587646484375,0.44523675537109375,0.19204165649414062,0.6230313110351563,0.22727272727272727,0.4090909090909091,0.009549764394760131,0.05306268539521765,0.75,0.25,0.45,0
15.455,0.272849365234375,0.2670430603027344,0.09254188537597656,0.5732468872070312,0.9860886444516338,0.9835004852798447,0.004458552002906799,0.043575828356799344,0.9375,152.4,152.0,0
24.955,0.1934384002685547,0.17609088134765624,0.04127953338623047,0.5527929077148438,0.9909837707874174,0.9897816068924064,0.002911145091056824,0.02492342377219476,0.9375,247.3,247.0,1
21.085,0.1782497100830078,0.15582040405273437,0.026229753494262695,0.5153290405273437,0.9933602086791558,0.99312307327484,0.002316458076238632,0.019577195019348976,0.9375,209.45,209.4,1
23.235,0.2043699951171875,0.1910811309814453,0.034,0.5270635375976562,0.9937594146761352,0.9939746072735098,0.0027043703198432923,0.015273704107818295,0.9375,230.9,230.95,1
25.535,0.17830613708496093,0.162308349609375,0.03908964157104492,0.5307843017578125,0.9921676130800862,0.992363422753084,0.0019904662668704986,0.03229301518168752,0.9375,253.35,253.4,1
0.11,0.4318587646484375,0.44523675537109375,0.19204165649414062,0.6230313110351563,0.22727272727272727,0.4090909090909091,0.009549764394760131,0.05306268539521765,0.75,0.25,0.45,0
11.185,0.18455564880371095,0.1658915252685547,0.033105892181396486,0.5488278198242188,0.9772016092981672,0.9772016092981672,0.0036272183060646057,0.0292894423361366,0.9375,109.3,109.3,0
0.475,0.47138113403320314,0.4754366455078125,0.22655683898925782,0.5634216918945313,0.10526315789473684,0.12631578947368421,0.0073126876354217525,0.0528313419493429,0.875,0.5,0.6,0
0.475,0.47138113403320314,0.4754366455078125,0.22655683898925782,0.5634216918945313,0.10526315789473684,0.12631578947368421,0.0073126876354217525,0.0528313419493429,0.875,0.5,0.6,0
11.185,0.18455564880371095,0.1658915252685547,0.033105892181396486,0.5488278198242188,0.9772016092981672,0.9772016092981672,0.0036272183060646057,0.0292894423361366,0.9375,109.3,109.3,0
0.37,0.46972076416015623,0.4690806274414063,0.3675921630859375,0.5943668823242187,0.08108108108108109,0.16216216216216217,0.016236271858215332,0.03332551515631595,0.875,0.3,0.6,0
24.655,0.18677490234375,0.17296241760253905,0.04381780624389649,0.5247818603515625,0.9929020482660718,0.9933076455080105,0.001969974935054779,0.01456633624116466,0.9375,244.8,244.9,1
0.11,0.4318587646484375,0.44523675537109375,0.19204165649414062,0.6230313110351563,0.22727272727272727,0.4090909090909091,0.009549764394760131,0.05306268539521765,0.75,0.25,0.45,0
26.66,0.16585256958007813,0.1477836151123047,0.02029778289794922,0.5181582641601562,0.9954988747186797,0.9954988747186797,0.0022800545394420623,0.01730804920268898,0.9375,265.4,265.4,1
25.36,0.177798828125,0.1649424133300781,0.033763885498046875,0.5185325317382813,0.9929022082018928,0.992705047318612,0.0024988755583763124,0.03245319983784174,0.9375,251.8,251.75,1
0.335,0.45864620971679687,0.47437960815429686,0.19204165649414062,0.5888938598632812,0.07462686567164178,0.14925373134328357,0.001742611527442932,0.029597210942223878,0.9375,0.25,0.5,0
11.23,0.1846114501953125,0.166421142578125,0.033105892181396486,0.5355184326171875,0.9772929652715939,0.9777382012466608,0.0022667914628982542,0.017380301977328896,0.9375,109.75,109.8,0
0.11,0.4318587646484375,0.44523675537109375,0.19204165649414062,0.6230313110351563,0.22727272727272727,0.4090909090909091,0.009549764394760131,0.05306268539521765,0.75,0.25,0.45,0
26.885,0.16550880432128906,0.14641038513183594,0.02039607810974121,0.559892822265625,0.9946066579877255,0.9947926352984936,0.0020386546850204466,0.020326051558699647,0.9375,267.4,267.45,1
9.365,0.20084799194335937,0.18024427795410156,0.05524490737915039,0.5903084106445312,0.98825413774693,0.987720234917245,0.0030626192688941955,0.06113404914723911,0.9375,92.55,92.5,1
8.48,0.22363615417480467,0.2035337829589844,0.0531789436340332,0.5946192016601562,0.9864386792452831,0.9864386792452831,0.002793962061405182,0.024470904551646102,1.0,83.65,83.65,1
0.1,0.43921054077148436,0.43706695556640623,0.3677336120605469,0.5622882080078125,0.25,0.45,0.015158089399337769,0.06765922856373169,0.6875,0.25,0.45,0
0.335,0.45864620971679687,0.47437960815429686,0.19204165649414062,0.5888938598632812,0.07462686567164178,0.14925373134328357,0.001742611527442932,0.029597210942223878,0.9375,0.25,0.5,0
15.705,0.27467132568359376,0.2683803405761719,0.09254188537597656,0.53298779296875,0.9847182425978988,0.9723018147086915,0.00352166086435318,0.03733354668755561,0.9375,154.65,152.7,0
24.275,0.17928823852539064,0.16475436401367188,0.022090721130371093,0.5384496459960938,0.9917610710607621,0.9919670442842431,0.0029466265439987184,0.03790151659789286,0.9375,240.75,240.8,1
24.665,0.19603938293457032,0.17958842468261718,0.033763885498046875,0.5498654174804688,0.9927022096087573,0.9931076424082709,0.0024468262493610384,0.019834280391234436,0.9375,244.85,244.95,1
0.11,0.4318587646484375,0.44523675537109375,0.19204165649414062,0.6230313110351563,0.22727272727272727,0.4090909090909091,0.009549764394760131,0.05306268539521765,0.75,0.25,0.45,0
20.515,0.2671145324707031,0.2597768249511719,0.09110433959960937,0.5506541748046875,0.9907384840360711,0.9885449670972459,0.0037903034687042235,0.031619847020466135,0.9375,203.25,202.8,0
9.24,0.19384422302246093,0.16770211791992187,0.029664793014526368,0.561373291015625,0.9929653679653679,0.9929653679653679,0.0027836525440216066,0.020383137014213487,1.0,91.75,91.75,1
15.705,0.27467132568359376,0.2683803405761719,0.09254188537597656,0.53298779296875,0.9847182425978988,0.9723018147086915,0.00352166086435318,0.03733354668755561,0.9375,154.65,152.7,0
20.185,0.2643623962402344,0.2581162414550781,0.09110433959960937,0.5185903930664062,0.9915779043844439,0.9898439435224177,0.0027590999007225036,0.023095899249781882,0.9375,200.15,199.8,0
25.69,0.16214866638183595,0.14745846557617187,0.025139610290527345,0.5296904907226563,0.9918256130790191,0.9918256130790191,0.0020324902236461637,0.015588416673416799,0.9375,254.8,254.8,1
0.1,0.43921054077148436,0.43706695556640623,0.3677336120605469,0.5622882080078125,0.25,0.45,0.015158089399337769,0.06765922856373169,0.6875,0.25,0.45,0
8.11,0.2298580627441406,0.21241938781738282,0.049839744567871096,0.5691607666015625,0.9889025893958077,0.9876695437731196,0.002980225682258606,0.03534955860072455,1.0,80.2,80.1,1
0.1,0.43921054077148436,0.43706695556640623,0.3677336120605469,0.5622882080078125,0.25,0.45,0.015158089399337769,0.06765922856373169,0.6875,0.25,0.45,0
0.11,0.4318587646484375,0.44523675537109375,0.19204165649414062,0.6230313110351563,0.22727272727272727,0.4090909090909091,0.009549764394760131,0.05306268539521765,0.75,0.25,0.45,0
20.185,0.2643623962402344,0.2581162414550781,0.09110433959960937,0.5185903930664062,0.9915779043844439,0.9898439435224177,0.0027590999007225036,0.023095899249781882,0.9375,200.15,199.8,0
25.48,0.17581588745117188,0.1606922607421875,0.044721359252929686,0.5213981323242187,0.9911695447409733,0.9913657770800628,0.0024663543701171874,0.02860934706959593,0.9375,252.55,252.6,1
7.61,0.22806069946289062,0.20985708618164062,0.043497127532958986,0.5666744995117188,0.9888304862023654,0.9888304862023654,0.003047727644443512,0.022600856335624094,1.0,75.25,75.25,1
30.02,0.12168016815185546,0.10520455932617187,0.008,0.5594067993164062,0.9963357761492339,0.9965023317788141,0.0015208935737609864,0.01385635714616838,0.9375,299.1,299.15,1
21.575,0.17911674499511718,0.15207893371582032,0.0204939022064209,0.5451495361328125,0.9921205098493627,0.9925840092699885,0.0021739210188388824,0.02960878366842365,0.9375,214.05,214.15,1
23.405,0.1830691680908203,0.16911534118652344,0.02821347236633301,0.5218773803710938,0.9923093356120487,0.9920957060457167,0.002213476002216339,0.015992112436519913,0.9375,232.25,232.2,1
25.995,0.1671475830078125,0.14527215576171876,0.018,0.5350289916992188,0.9926909020965571,0.9926909020965571,0.0023607957363128663,0.025924270864925537,0.9375,258.05,258.05,1
24.635,0.19202342224121094,0.17820213317871095,0.034058773040771484,0.518945068359375,0.994925918408768,0.9951288816724173,0.002211563438177109,0.024600727007791444,0.9375,245.1,245.15,1
26.025,0.15144172668457032,0.13059861755371094,0.02039607810974121,0.5067820129394531,0.9938520653218059,0.9938520653218059,0.0019140195846557616,0.015801387993426487,0.9375,258.65,258.65,1
20.515,0.2671145324707031,0.2597768249511719,0.09110433959960937,0.5506541748046875,0.9907384840360711,0.9885449670972459,0.0037903034687042235,0.031619847020466135,0.9375,203.25,202.8,0
24.545,0.17182907104492187,0.1564736328125,0.03820994567871094,0.5135640258789063,0.9914442860052964,0.991240578529232,0.003266545832157135,0.021738938567697826,0.9375,243.35,243.3,1
25.6,0.1764240264892578,0.162474609375,0.04171330642700195,0.5143773193359376,0.9935546875,0.99375,0.002506884038448334,0.01919281734901063,0.9375,254.35,254.4,1
8.915,0.1952510528564453,0.16705686950683593,0.015491933822631835,0.5900101928710938,0.9876612450925406,0.9882220975883342,0.0028318247199058534,0.022683679719974315,0.9375,88.05,88.1,1
15.705,0.27467132568359376,0.2683803405761719,0.09254188537597656,0.53298779296875,0.9847182425978988,0.9723018147086915,0.00352166086435318,0.03733354668755561,0.9375,154.65,152.7,0
25.35,0.17475650024414063,0.15302940368652343,0.0211660099029541,0.5644891357421875,0.9930966469428008,0.9930966469428008,0.0030375221371650696,0.02089537966278273,0.9375,251.75,251.75,1
24.135,0.18759599304199218,0.17366635131835936,0.039849716186523436,0.5396331787109375,0.9921276154961673,0.9923347835094262,0.0020296862721443177,0.014369067492944417,0.9375,239.45,239.5,1
20.185,0.2643623962402344,0.2581162414550781,0.09110433959960937,0.5185903930664062,0.9915779043844439,0.9898439435224177,0.0027590999007225036,0.023095899249781882,0.9375,200.15,199.8,0
25.285,0.15380157470703126,0.13159027099609374,0.01897366523742676,0.5048366088867188,0.9922879177377892,0.9922879177377892,0.002172771394252777,0.014839725976776744,0.9375,250.9,250.9,1
11.185,0.18455564880371095,0.1658915252685547,0.033105892181396486,0.5488278198242188,0.9772016092981672,0.9772016092981672,0.0036272183060646057,0.0292894423361366,0.9375,109.3,109.3,0
25.575,0.16205702209472655,0.14848568725585937,0.0341174430847168,0.5173818969726562,0.9933528836754644,0.9931573802541545,0.0021395370364189147,0.02432632201831112,0.9375,254.05,254.0,1
20.185,0.2643623962402344,0.2581162414550781,0.09110433959960937,0.5185903930664062,0.9915779043844439,0.9898439435224177,0.0027590999007225036,0.023095899249781882,0.9375,200.15,199.8,0
25.595,0.1753528289794922,0.160623779296875,0.04004996871948242,0.5252542114257812,0.9941394803672592,0.9941394803672592,0.002465110272169113,0.023412201923977916,0.9375,254.45,254.45,1
7.125,0.20151654052734375,0.16667333984375,0.030789608001708983,0.5687706298828125,0.991578947368421,0.9908771929824561,0.0030974337458610536,0.021368988484238564,1.0,70.65,70.6,1
25.69,0.1530667266845703,0.1307593078613281,0.01886796188354492,0.5203191528320312,0.9929933826391593,0.9929933826391593,0.0020017080008983613,0.028037448657242163,0.9375,255.1,255.1,1
9.62,0.18760804748535156,0.16591561889648437,0.026981475830078126,0.5843594970703125,0.9937629937629938,0.9932432432432432,0.0031978103518486025,0.0255010780135184,0.9375,95.6,95.55,1
20.515,0.2671145324707031,0.2597768249511719,0.09110433959960937,0.5506541748046875,0.9907384840360711,0.9885449670972459,0.0037903034687042235,0.031619847020466135,0.9375,203.25,202.8,0
15.455,0.272849365234375,0.2670430603027344,0.09254188537597656,0.5732468872070312,0.9860886444516338,0.9835004852798447,0.004458552002906799,0.043575828356799344,0.9375,152.4,152.0,0
8.39,0.23094163513183594,0.20996664428710937,0.05574943923950195,0.5496835327148437,0.9916567342073898,0.9916567342073898,0.0032171207666397096,0.048649358662912465,1.0,83.2,83.2,1
25.615,0.1635667266845703,0.14041368103027344,0.01897366523742676,0.5560719604492188,0.9945344524692563,0.9947296505953542,0.0022852860391139986,0.022397903466178287,0.9375,254.75,254.8,1
0.1,0.43921054077148436,0.43706695556640623,0.3677336120605469,0.5622882080078125,0.25,0.45,0.015158089399337769,0.06765922856373169,0.6875,0.25,0.45,0
18.875,0.18800439453125,0.16581918334960938,0.04009987640380859,0.53223681640625,0.9875496688741722,0.9875496688741722,0.0022841112315654753,0.027408327731933312,0.9375,186.4,186.4,1
24.36,0.16815098571777343,0.1536098937988281,0.03815756988525391,0.5606710205078125,0.9922003284072249,0.9917898193760263,0.0025309062004089354,0.023878583141167396,0.9375,241.7,241.6,1
25.775,0.17124856567382812,0.15765785217285155,0.039140769958496094,0.5300867919921874,0.9935984481086324,0.9935984481086324,0.0025027483701705933,0.01812071572162272,0.9375,256.1,256.1,1
20.515,0.2671145324707031,0.2597768249511719,0.09110433959960937,0.5506541748046875,0.9907384840360711,0.9885449670972459,0.0037903034687042235,0.031619847020466135,0.9375,203.25,202.8,0
24.58,0.16938998413085937,0.1562561950683594,0.026153392791748047,0.5436101684570313,0.9924735557363711,0.9928803905614321,0.002194477766752243,0.02995232596988917,0.9375,243.95,244.05,1
20.185,0.2643623962402344,0.2581162414550781,0.09110433959960937,0.5185903930664062,0.9915779043844439,0.9898439435224177,0.0027590999007225036,0.023095899249781882,0.9375,200.15,199.8,0
0.475,0.47138113403320314,0.4754366455078125,0.22655683898925782,0.5634216918945313,0.10526315789473684,0.12631578947368421,0.0073126876354217525,0.0528313419493429,0.875,0.5,0.6,0
0.335,0.45864620971679687,0.47437960815429686,0.19204165649414062,0.5888938598632812,0.07462686567164178,0.14925373134328357,0.001742611527442932,0.029597210942223878,0.9375,0.25,0.5,0
0.1,0.43921054077148436,0.43706695556640623,0.3677336120605469,0.5622882080078125,0.25,0.45,0.015158089399337769,0.06765922856373169,0.6875,0.25,0.45,0
0.37,0.46972076416015623,0.4690806274414063,0.3675921630859375,0.5943668823242187,0.08108108108108109,0.16216216216216217,0.016236271858215332,0.03332551515631595,0.875,0.3,0.6,0
27.125,0.16332807922363282,0.14441606140136717,0.01959591865539551,0.5508574829101562,0.9946543778801843,0.9950230414746544,0.0021304248273372652,0.030040630675444047,0.9375,269.8,269.9,1
25.985,0.1593225860595703,0.14485855102539064,0.02764055061340332,0.5285716552734375,0.9949971137194535,0.9948046950163556,0.0024626043438911436,0.030268433358974074,0.9375,258.55,258.5,1
25.235,0.17201956176757813,0.15332318115234375,0.022,0.5487622680664063,0.9918763621953636,0.9914800871805033,0.002605594992637634,0.02310232700506812,0.9375,250.3,250.2,1
5.975,0.206787109375,0.1736317901611328,0.03605551147460938,0.5830609130859375,0.9849372384937238,0.9849372384937238,0.0029145902395248413,0.026840546339644177,0.9375,58.85,58.85,1
25.62,0.17053305053710938,0.15628819274902345,0.03594440078735352,0.5205036010742188,0.9941451990632318,0.9933645589383294,0.003011472523212433,0.025298434407605753,0.9375,254.7,254.5,1
0.37,0.46972076416015623,0.4690806274414063,0.3675921630859375,0.5943668823242187,0.08108108108108109,0.16216216216216217,0.016236271858215332,0.03332551515631595,0.875,0.3,0.6,0
6.11,0.22261288452148437,0.19528952026367188,0.03268027114868164,0.6056467895507812,0.9779050736497545,0.9779050736497545,0.0029077818989753723,0.03129584553356882,1.0,59.75,59.75,1
0.335,0.45864620971679687,0.47437960815429686,0.19204165649414062,0.5888938598632812,0.07462686567164178,0.14925373134328357,0.001742611527442932,0.029597210942223878,0.9375,0.25,0.5,0
8.985,0.19210017395019532,0.16235763549804688,0.026981475830078126,0.6031019897460937,0.989983305509182,0.989983305509182,0.0028731855750083924,0.027473336553969184,0.9375,88.95,88.95,1
25.83,0.15195440673828126,0.13546954345703124,0.02039607810974121,0.5022907409667968,0.9947735191637631,0.9949670925280681,0.0024364574253559115,0.02303102728247313,0.9375,256.95,257.0,1
25.335,0.16133143615722656,0.13931259155273437,0.020976177215576174,0.5161588745117187,0.9950661140714426,0.9948687586343004,0.0023518720269203185,0.01993083473377624,0.9375,252.1,252.05,1
20.515,0.2671145324707031,0.2597768249511719,0.09110433959960937,0.5506541748046875,0.9907384840360711,0.9885449670972459,0.0037903034687042235,0.031619847020466135,0.9375,203.25,202.8,0
0.335,0.45864620971679687,0.47437960815429686,0.19204165649414062,0.5888938598632812,0.07462686567164178,0.14925373134328357,0.001742611527442932,0.029597210942223878,0.9375,0.25,0.5,0
25.45,0.17380735778808593,0.16008747863769532,0.031112697601318358,0.5480401611328125,0.9952848722986247,0.9950884086444007,0.0023918697237968445,0.018514864094946445,0.9375,253.3,253.25,1
19.87,0.18790196228027345,0.16798809814453125,0.03572114181518555,0.5611844482421875,0.9901862103673881,0.9891796678409662,0.0023139987885951994,0.025706412043237425,0.9375,196.75,196.55,1
0.11,0.4318587646484375,0.44523675537109375,0.19204165649414062,0.6230313110351563,0.22727272727272727,0.4090909090909091,0.009549764394760131,0.05306268539521765,0.75,0.25,0.45,0
25.35,0.14984835815429687,0.13487030029296876,0.024,0.504238037109375,0.9940828402366864,0.9942800788954635,0.0022707022726535797,0.026666062240855833,0.9375,252.0,252.05,1
0.475,0.47138113403320314,0.4754366455078125,0.22655683898925782,0.5634216918945313,0.10526315789473684,0.12631578947368421,0.0073126876354217525,0.0528313419493429,0.875,0.5,0.6,0
11.185,0.18455564880371095,0.1658915252685547,0.033105892181396486,0.5488278198242188,0.9772016092981672,0.9772016092981672,0.0036272183060646057,0.0292894423361366,0.9375,109.3,109.3,0
26.555,0.1687273406982422,0.1511026153564453,0.03231098937988281,0.5062608032226562,0.9958576539258144,0.9958576539258144,0.00194122776389122,0.029798956829821432,0.9375,264.45,264.45,1
9.47,0.19936228942871093,0.17887982177734374,0.04943682861328125,0.5518731689453125,0.9920802534318902,0.9926082365364308,0.0029935577511787416,0.03724475229500868,1.0,93.95,94.0,1
0.335,0.45864620971679687,0.47437960815429686,0.19204165649414062,0.5888938598632812,0.07462686567164178,0.14925373134328357,0.001742611527442932,0.029597210942223878,0.9375,0.25,0.5,0
6.82,0.21104795837402343,0.1780615539550781,0.03867815780639648,0.5712337646484374,0.9816715542521994,0.9831378299120235,0.0029394087195396424,0.0220080324141054,1.0,66.95,67.05,1
0.135,0.4038021240234375,0.41183493041992186,0.23768887329101562,0.5097921142578125,0.2222222222222222,0.3333333333333333,0.009852968454360962,0.06684947353552625,0.6875,0.3,0.45,0
21.895,0.17489559936523438,0.14791889953613283,0.01897366523742676,0.5354063720703125,0.9931491208038364,0.9926923955240923,0.002292553037405014,0.020957242829756216,0.9375,217.45,217.35,1
19.875,0.18957923889160155,0.17002352905273438,0.036441734313964844,0.5365146484375,0.990188679245283,0.990188679245283,0.002255408614873886,0.029028279987895405,0.9375,196.8,196.8,1
25.69,0.1859068908691406,0.17002352905273438,0.045869380950927734,0.5135289916992187,0.9955235500194628,0.9945504087193461,0.0025878173112869264,0.019381836369058627,0.9375,255.75,255.5,1
0.11,0.4318587646484375,0.44523675537109375,0.19204165649414062,0.6230313110351563,0.22727272727272727,0.4090909090909091,0.009549764394760131,0.05306268539521765,0.75,0.25,0.45,0
0.135,0.4038021240234375,0.41183493041992186,0.23768887329101562,0.5097921142578125,0.2222222222222222,0.3333333333333333,0.009852968454360962,0.06684947353552625,0.6875,0.3,0.45,0
9.35,0.20336685180664063,0.1794881591796875,0.039293766021728516,0.5680281982421875,0.9903743315508021,0.9903743315508021,0.0034181708097457885,0.04760216768305241,1.0,92.6,92.6,1
15.455,0.272849365234375,0.2670430603027344,0.09254188537597656,0.5732468872070312,0.9860886444516338,0.9835004852798447,0.004458552002906799,0.043575828356799344,0.9375,152.4,152.0,0
11.23,0.1846114501953125,0.166421142578125,0.033105892181396486,0.5355184326171875,0.9772929652715939,0.9777382012466608,0.0022667914628982542,0.017380301977328896,0.9375,109.75,109.8,0
20.185,0.2643623962402344,0.2581162414550781,0.09110433959960937,0.5185903930664062,0.9915779043844439,0.9898439435224177,0.0027590999007225036,0.023095899249781882,0.9375,200.15,199.8,0
11.23,0.1846114501953125,0.166421142578125,0.033105892181396486,0.5355184326171875,0.9772929652715939,0.9777382012466608,0.0022667914628982542,0.017380301977328896,0.9375,109.75,109.8,0
0.135,0.4038021240234375,0.41183493041992186,0.23768887329101562,0.5097921142578125,0.2222222222222222,0.3333333333333333,0.009852968454360962,0.06684947353552625,0.6875,0.3,0.45,0
0.11,0.4318587646484375,0.44523675537109375,0.19204165649414062,0.6230313110351563,0.22727272727272727,0.4090909090909091,0.009549764394760131,0.05306268539521765,0.75,0.25,0.45,0
0.475,0.47138113403320314,0.4754366455078125,0.22655683898925782,0.5634216918945313,0.10526315789473684,0.12631578947368421,0.0073126876354217525,0.0528313419493429,0.875,0.5,0.6,0
19.2,0.18159677124023438,0.16341357421875,0.024083189010620117,0.5509627685546875,0.98671875,0.98671875,0.0019834180176258086,0.023473890963940217,0.9375,189.45,189.45,1
25.56,0.148628662109375,0.13176495361328125,0.02891366386413574,0.49689837646484375,0.9931533646322379,0.9933489827856025,0.0022680428624153137,0.02725100711134402,0.9375,253.85,253.9,1
25.85,0.16254364013671874,0.14720733642578124,0.02545584487915039,0.512511474609375,0.9945841392649903,0.9945841392649903,0.0025702521204948427,0.021391256500763716,0.9375,257.1,257.1,1
25.96,0.17045021057128906,0.1571177978515625,0.026381811141967772,0.5448486328125,0.9938366718027735,0.9936440677966102,0.002277688980102539,0.020204124067850632,0.9375,258.0,257.95,1
24.01,0.1844658660888672,0.16995294189453125,0.03638681030273438,0.5163099975585937,0.993127863390254,0.993127863390254,0.0021987676620483397,0.029421228780947068,0.9375,238.45,238.45,1
26.215,0.15028981018066406,0.13143820190429686,0.015099668502807617,0.5444630126953125,0.9937058935723823,0.9942780850658021,0.002382863163948059,0.05434042791998658,0.9375,260.5,260.65,1
11.185,0.18455564880371095,0.1658915252685547,0.033105892181396486,0.5488278198242188,0.9772016092981672,0.9772016092981672,0.0036272183060646057,0.0292894423361366,0.9375,109.3,109.3,0
8.97,0.20982366943359376,0.19283154296875,0.03458323287963867,0.6156069946289062,0.9888517279821628,0.9899665551839465,0.0028607684373855593,0.03999524376651386,1.0,88.7,88.8,1
23.195,0.22740420532226563,0.2168778533935547,0.036,0.5477590942382813,0.9905151972407846,0.9883595602500539,0.0034262195229530336,0.02494670050009421,0.9375,229.75,229.25,1
0.475,0.47138113403320314,0.4754366455078125,0.22655683898925782,0.5634216918945313,0.10526315789473684,0.12631578947368421,0.0073126876354217525,0.0528313419493429,0.875,0.5,0.6,0
25.135,0.15945465087890626,0.14472041320800783,0.03498571014404297,0.52886669921875,0.9920429679729461,0.9922418937736225,0.0021987828612327577,0.01912760557893042,0.9375,249.35,249.4,1
0.11,0.4318587646484375,0.44523675537109375,0.19204165649414062,0.6230313110351563,0.22727272727272727,0.4090909090909091,0.009549764394760131,0.05306268539521765,0.75,0.25,0.45,0
0.475,0.47138113403320314,0.4754366455078125,0.22655683898925782,0.5634216918945313,0.10526315789473684,0.12631578947368421,0.0073126876354217525,0.0528313419493429,0.875,0.5,0.6,0
23.705,0.19410736083984376,0.17842645263671875,0.03149603080749512,0.5139727783203125,0.9915629614005484,0.9911411094705759,0.0025725042819976806,0.0272912912822529,0.9375,235.05,234.95,1
0.1,0.43921054077148436,0.43706695556640623,0.3677336120605469,0.5622882080078125,0.25,0.45,0.015158089399337769,0.06765922856373169,0.6875,0.25,0.45,0
0.335,0.45864620971679687,0.47437960815429686,0.19204165649414062,0.5888938598632812,0.07462686567164178,0.14925373134328357,0.001742611527442932,0.029597210942223878,0.9375,0.25,0.5,0
20.185,0.2643623962402344,0.2581162414550781,0.09110433959960937,0.5185903930664062,0.9915779043844439,0.9898439435224177,0.0027590999007225036,0.023095899249781882,0.9375,200.15,199.8,0
25.485,0.1560575408935547,0.1407977294921875,0.022715633392333984,0.5319586181640625,0.995095154012164,0.9947027663331371,0.0025512585043907165,0.021996870773491772,0.9375,253.6,253.5,1
24.85,0.1688509521484375,0.15601922607421875,0.0308544979095459,0.5708414916992187,0.993963782696177,0.9941649899396379,0.002353152930736542,0.019450959826428072,0.9375,247.0,247.05,1
8.715,0.19367489624023437,0.16753506469726562,0.030724582672119142,0.5761770629882812,0.9868043602983362,0.9868043602983362,0.002826034724712372,0.017401356954519547,1.0,86.0,86.0,1
26.69,0.16779295349121093,0.15007998657226562,0.02712932014465332,0.5065293579101563,0.9955039340576995,0.9949419258149119,0.002346539199352264,0.017628389228846787,0.9375,265.7,265.55,1
24.97,0.18305693054199218,0.16907986450195311,0.038832977294921876,0.5289650268554688,0.9935923107729275,0.9937925510612735,0.0019259351491928102,0.019978470189339365,0.9375,248.1,248.15,1
0.11,0.4318587646484375,0.44523675537109375,0.19204165649414062,0.6230313110351563,0.22727272727272727,0.4090909090909091,0.009549764394760131,0.05306268539521765,0.75,0.25,0.45,0
9.345,0.19953363037109376,0.1787176513671875,0.043312816619873046,0.533017822265625,0.9925093632958801,0.9930444087747459,0.0030296486616134643,0.029197039218544857,1.0,92.75,92.8,1
11.23,0.1846114501953125,0.166421142578125,0.033105892181396486,0.5355184326171875,0.9772929652715939,0.9777382012466608,0.0022667914628982542,0.017380301977328896,0.9375,109.75,109.8,0
7.035,0.2262760009765625,0.20497804260253907,0.04147288131713867,0.6161331176757813,0.9744136460554371,0.9744136460554371,0.002953440546989441,0.0456795529929751,1.0,68.55,68.55,1
9.055,0.1894443359375,0.1654932098388672,0.033105892181396486,0.54539892578125,0.9895085588072888,0.9839867476532302,0.0030809548497200013,0.07468343091276942,1.0,89.6,89.1,1
24.51,0.191408935546875,0.1775443572998047,0.04123105621337891,0.52039599609375,0.9944920440636474,0.9944920440636474,0.0021637994050979614,0.023758970785761717,0.9375,243.75,243.75,1
11.185,0.18455564880371095,0.1658915252685547,0.033105892181396486,0.5488278198242188,0.9772016092981672,0.9772016092981672,0.0036272183060646057,0.0292894423361366,0.9375,109.3,109.3,0
15.705,0.27467132568359376,0.2683803405761719,0.09254188537597656,0.53298779296875,0.9847182425978988,0.9723018147086915,0.00352166086435318,0.03733354668755561,0.9375,154.65,152.7,0
25.53,0.16563858032226564,0.14867413330078125,0.030789608001708983,0.5411949462890625,0.9929494712103408,0.9929494712103408,0.002175215631723404,0.022427569641044188,0.9375,253.5,253.5,1
21.745,0.1634794158935547,0.13975692749023438,0.02009975051879883,0.5124568481445313,0.991262359163026,0.991262359163026,0.0018617779016494751,0.016510375092698145,0.9375,215.55,215.55,1
9.725,0.1900986328125,0.1698940887451172,0.0325576400756836,0.5450394287109375,0.9922879177377892,0.9922879177377892,0.0029757586121559143,0.050926331201290344,1.0,96.5,96.5,1
24.38,0.17094273376464844,0.15882064819335937,0.02842534065246582,0.482866455078125,0.9915914684167351,0.9915914684167351,0.002530947029590607,0.04607099782034323,0.9375,241.75,241.75,1
25.805,0.1738491668701172,0.1617528991699219,0.03155946731567383,0.5127494506835938,0.9939934121294323,0.9937996512303817,0.002411237508058548,0.046073960155266866,0.9375,256.5,256.45,1
26.31,0.15635472106933593,0.13476644897460938,0.018439088821411133,0.5068175354003907,0.9950589129608514,0.9948688711516533,0.0022277073562145234,0.02159665347417229,0.9375,261.8,261.75,1
0.335,0.45864620971679687,0.47437960815429686,0.19204165649414062,0.5888938598632812,0.07462686567164178,0.14925373134328357,0.001742611527442932,0.029597210942223878,0.9375,0.25,0.5,0
25.38,0.1578538055419922,0.13844131469726562,0.028354894638061522,0.5025892944335938,0.991725768321513,0.9913317572892041,0.002195347249507904,0.035809293742930556,0.9375,251.7,251.6,1
25.385,0.15223345947265626,0.13617636108398437,0.027055498123168945,0.529966064453125,0.9931061650581052,0.9931061650581052,0.002200623154640198,0.026350936336420126,0.9375,252.1,252.1,1
0.37,0.46972076416015623,0.4690806274414063,0.3675921630859375,0.5943668823242187,0.08108108108108109,0.16216216216216217,0.016236271858215332,0.03332551515631595,0.875,0.3,0.6,0
20.09,0.17982740783691406,0.15290518188476562,0.018330303192138672,0.563158935546875,0.9880537580886013,0.9885515181682429,0.0023901483416557314,0.02756879727710404,0.9375,198.5,198.6,1
20.185,0.2643623962402344,0.2581162414550781,0.09110433959960937,0.5185903930664062,0.9915779043844439,0.9898439435224177,0.0027590999007225036,0.023095899249781882,0.9375,200.15,199.8,0
8.98,0.21423684692382813,0.19154632568359375,0.04749736785888672,0.5743970947265625,0.9905345211581291,0.9894209354120267,0.0030798062682151793,0.03980513541324311,1.0,88.95,88.85,1
0.1,0.43921054077148436,0.43706695556640623,0.3677336120605469,0.5622882080078125,0.25,0.45,0.015158089399337769,0.06765922856373169,0.6875,0.25,0.45,0
24.62,0.1812283935546875,0.17142344665527343,0.023916521072387696,0.5576271362304688,0.9935012185215272,0.9935012185215272,0.002924371659755707,0.026426876007282107,0.9375,244.6,244.6,1
15.705,0.27467132568359376,0.2683803405761719,0.09254188537597656,0.53298779296875,0.9847182425978988,0.9723018147086915,0.00352166086435318,0.03733354668755561,0.9375,154.65,152.7,0
0.11,0.4318587646484375,0.44523675537109375,0.19204165649414062,0.6230313110351563,0.22727272727272727,0.4090909090909091,0.009549764394760131,0.05306268539521765,0.75,0.25,0.45,0
15.455,0.272849365234375,0.2670430603027344,0.09254188537597656,0.5732468872070312,0.9860886444516338,0.9835004852798447,0.004458552002906799,0.043575828356799344,0.9375,152.4,152.0,0
0.135,0.4038021240234375,0.41183493041992186,0.23768887329101562,0.5097921142578125,0.2222222222222222,0.3333333333333333,0.009852968454360962,0.06684947353552625,0.6875,0.3,0.45,0
25.535,0.1623469696044922,0.146191650390625,0.02424871063232422,0.5268358154296875,0.9929508517720775,0.9935382807910711,0.002506266534328461,0.02220372881582699,0.9375,253.55,253.7,1
27.06,0.170105224609375,0.1503329620361328,0.027276363372802735,0.52736328125,0.9946415373244641,0.9951958610495196,0.0020671987533569334,0.01658962432136557,0.9375,269.15,269.3,1
0.1,0.43921054077148436,0.43706695556640623,0.3677336120605469,0.5622882080078125,0.25,0.45,0.015158089399337769,0.06765922856373169,0.6875,0.25,0.45,0
24.64,0.1740148162841797,0.16191973876953125,0.03908964157104492,0.5090461730957031,0.992288961038961,0.9912743506493507,0.002801884114742279,0.018836397049230673,0.9375,244.5,244.25,1
19.385,0.18796713256835937,0.17202325439453126,0.043497127532958986,0.5223408813476562,0.9901986071704927,0.9899406757802425,0.002156146317720413,0.02117598440955571,0.9375,191.95,191.9,1
0.11,0.4318587646484375,0.44523675537109375,0.19204165649414062,0.6230313110351563,0.22727272727272727,0.4090909090909091,0.009549764394760131,0.05306268539521765,0.75,0.25,0.45,0
9.745,0.18736332702636718,0.16217274475097657,0.02521903991699219,0.5667027587890625,0.9933299127757824,0.9938429964084146,0.002490544617176056,0.03801861924735155,1.0,96.8,96.85,1
20.185,0.2643623962402344,0.2581162414550781,0.09110433959960937,0.5185903930664062,0.9915779043844439,0.9898439435224177,0.0027590999007225036,0.023095899249781882,0.9375,200.15,199.8,0
26.86,0.15899246215820312,0.13543264770507812,0.014,0.5349915771484375,0.9940431868950111,0.9938570364854803,0.0021635881066322327,0.03041164697015944,0.9375,267.0,266.95,1
0.135,0.4038021240234375,0.41183493041992186,0.23768887329101562,0.5097921142578125,0.2222222222222222,0.3333333333333333,0.009852968454360962,0.06684947353552625,0.6875,0.3,0.45,0
0.475,0.47138113403320314,0.4754366455078125,0.22655683898925782,0.5634216918945313,0.10526315789473684,0.12631578947368421,0.0073126876354217525,0.0528313419493429,0.875,0.5,0.6,0
25.045,0.19460430908203125,0.17953273010253906,0.040249221801757815,0.5204075317382812,0.9938111399480934,0.9940107805949291,0.002448626458644867,0.0299799653986981,0.9375,248.9,248.95,1
15.455,0.272849365234375,0.2670430603027344,0.09254188537597656,0.5732468872070312,0.9860886444516338,0.9835004852798447,0.004458552002906799,0.043575828356799344,0.9375,152.4,152.0,0
6.08,0.21777862548828125,0.18762728881835938,0.03919183731079102,0.5873329467773437,0.9819078947368421,0.9786184210526315,0.00304625004529953,0.03418090304825868,0.9375,59.7,59.5,1
25.695,0.17412322998046875,0.1601998748779297,0.02521903991699219,0.5392365112304688,0.9951352403191283,0.9951352403191283,0.002657654583454132,0.04446283840352668,0.9375,255.7,255.7,1
9.365,0.2023507080078125,0.18175808715820313,0.019697715759277343,0.5580932006835938,0.9898558462359851,0.9893219434063001,0.0031765222549438475,0.030773135265203883,1.0,92.7,92.65,1
11.23,0.1846114501953125,0.166421142578125,0.033105892181396486,0.5355184326171875,0.9772929652715939,0.9777382012466608,0.0022667914628982542,0.017380301977328896,0.9375,109.75,109.8,0
9.205,0.19013067626953126,0.16369483947753907,0.0248193473815918,0.6072725830078125,0.9913090711569799,0.9918522542096686,0.0029377979040145874,0.019812905818908967,0.9375,91.25,91.3,1
0.37,0.46972076416015623,0.4690806274414063,0.3675921630859375,0.5943668823242187,0.08108108108108109,0.16216216216216217,0.016236271858215332,0.03332551515631595,0.875,0.3,0.6,0
25.55,0.16377781677246095,0.14047064208984375,0.01697056198120117,0.5027842407226563,0.9941291585127201,0.9941291585127201,0.0022497791051864623,0.0205257595773977,0.9375,254.0,254.0,1
0.135,0.4038021240234375,0.41183493041992186,0.23768887329101562,0.5097921142578125,0.2222222222222222,0.3333333333333333,0.009852968454360962,0.06684947353552625,0.6875,0.3,0.45,0
0.1,0.43921054077148436,0.43706695556640623,0.3677336120605469,0.5622882080078125,0.25,0.45,0.015158089399337769,0.06765922856373169,0.6875,0.25,0.45,0
20.515,0.2671145324707031,0.2597768249511719,0.09110433959960937,0.5506541748046875,0.9907384840360711,0.9885449670972459,0.0037903034687042235,0.031619847020466135,0.9375,203.25,202.8,0
26.22,0.17015583801269532,0.15317962646484376,0.02764055061340332,0.5187523193359375,0.9959954233409611,0.9956140350877193,0.002306814193725586,0.01551937904081065,0.9375,261.15,261.05,1
26.18,0.17726541137695312,0.16126995849609374,0.03292415618896485,0.529256103515625,0.9948433919022154,0.9946524064171123,0.0020306722819805143,0.03716566665696759,0.9375,260.45,260.4,1
15.455,0.272849365234375,0.2670430603027344,0.09254188537597656,0.5732468872070312,0.9860886444516338,0.9835004852798447,0.004458552002906799,0.043575828356799344,0.9375,152.4,152.0,0
15.705,0.27467132568359376,0.2683803405761719,0.09254188537597656,0.53298779296875,0.9847182425978988,0.9723018147086915,0.00352166086435318,0.03733354668755561,0.9375,154.65,152.7,0
0.135,0.4038021240234375,0.41183493041992186,0.23768887329101562,0.5097921142578125,0.2222222222222222,0.3333333333333333,0.009852968454360962,0.06684947353552625,0.6875,0.3,0.45,0
11.185,0.18455564880371095,0.1658915252685547,0.033105892181396486,0.5488278198242188,0.9772016092981672,0.9772016092981672,0.0036272183060646057,0.0292894423361366,0.9375,109.3,109.3,0
0.335,0.45864620971679687,0.47437960815429686,0.19204165649414062,0.5888938598632812,0.07462686567164178,0.14925373134328357,0.001742611527442932,0.029597210942223878,0.9375,0.25,0.5,0
24.54,0.1718533935546875,0.15964961242675782,0.025922962188720703,0.5322443237304687,0.991238793806031,0.9918500407497962,0.002150549590587616,0.023533018927931092,0.9375,243.25,243.4,1
25.31,0.17601689147949218,0.161536376953125,0.03893584442138672,0.548561767578125,0.9928881864875543,0.9932832872382458,0.0025378790497779845,0.020455513708473743,0.9375,251.3,251.4,1
11.23,0.1846114501953125,0.166421142578125,0.033105892181396486,0.5355184326171875,0.9772929652715939,0.9777382012466608,0.0022667914628982542,0.017380301977328896,0.9375,109.75,109.8,0
15.705,0.27467132568359376,0.2683803405761719,0.09254188537597656,0.53298779296875,0.9847182425978988,0.9723018147086915,0.00352166086435318,0.03733354668755561,0.9375,154.65,152.7,0
22.505,0.184239013671875,0.15964961242675782,0.025612497329711915,0.5541299438476562,0.9908909131304154,0.9900022217285048,0.0026004692912101747,0.026221506307253013,0.9375,223.0,222.8,1
24.735,0.1687764129638672,0.15680561828613282,0.031304952621459964,0.610819091796875,0.9927228623408126,0.9929250050535678,0.0021810978651046753,0.025431334864692547,0.9375,245.55,245.6,1
24.495,0.17927003479003906,0.1651907958984375,0.03714834976196289,0.5529340209960938,0.9902020820575628,0.9889773423147581,0.003011149764060974,0.026175555068588225,0.9375,242.55,242.25,1
24.5,0.19250296020507812,0.17401150512695313,0.027055498123168945,0.529656494140625,0.9926530612244898,0.9920408163265306,0.0024088579416275025,0.037154594844149055,0.9375,243.2,243.05,1
0.335,0.45864620971679687,0.47437960815429686,0.19204165649414062,0.5888938598632812,0.07462686567164178,0.14925373134328357,0.001742611527442932,0.029597210942223878,0.9375,0.25,0.5,0
0.475,0.47138113403320314,0.4754366455078125,0.22655683898925782,0.5634216918945313,0.10526315789473684,0.12631578947368421,0.0073126876354217525,0.0528313419493429,0.875,0.5,0.6,0
6.86,0.2182008056640625,0.18648858642578126,0.035440090179443356,0.5556401977539063,0.9846938775510204,0.9832361516034985,0.0034892007708549498,0.036182707848584954,1.0,67.55,67.45,1
7.295,0.2203788146972656,0.19341148376464845,0.03660601043701172,0.6095506591796875,0.9794379712131597,0.9794379712131597,0.003070370852947235,0.031212657318188675,1.0,71.45,71.45,1
20.185,0.2643623962402344,0.2581162414550781,0.09110433959960937,0.5185903930664062,0.9915779043844439,0.9898439435224177,0.0027590999007225036,0.023095899249781882,0.9375,200.15,199.8,0
11.185,0.18455564880371095,0.1658915252685547,0.033105892181396486,0.5488278198242188,0.9772016092981672,0.9772016092981672,0.0036272183060646057,0.0292894423361366,0.9375,109.3,109.3,0
15.455,0.272849365234375,0.2670430603027344,0.09254188537597656,0.5732468872070312,0.9860886444516338,0.9835004852798447,0.004458552002906799,0.043575828356799344,0.9375,152.4,152.0,0
24.735,0.16026417541503907,0.14551976013183593,0.033526107788085936,0.5017728576660156,0.9929250050535678,0.9919142914897918,0.0023080410063266756,0.05662645727085732,0.9375,245.6,245.35,1
26.345,0.1629165344238281,0.14340153503417968,0.020880613327026367,0.51455224609375,0.9956348453216929,0.9960144239893718,0.0021345987915992737,0.03259025960193909,0.9375,262.3,262.4,1
25.37,0.15305079650878906,0.13143820190429686,0.020976177215576174,0.5424647216796875,0.9940875049270792,0.9942845880961766,0.002080647349357605,0.020375709760360593,0.9375,252.2,252.25,1
0.1,0.43921054077148436,0.43706695556640623,0.3677336120605469,0.5622882080078125,0.25,0.45,0.015158089399337769,0.06765922856373169,0.6875,0.25,0.45,0
0.135,0.4038021240234375,0.41183493041992186,0.23768887329101562,0.5097921142578125,0.2222222222222222,0.3333333333333333,0.009852968454360962,0.06684947353552625,0.6875,0.3,0.45,0
24.785,0.17609983825683595,0.16404876708984376,0.02842534065246582,0.5426932983398437,0.9939479523905588,0.9943514222311882,0.002585805356502533,0.0179929978099572,0.9375,246.35,246.45,1
7.64,0.220940673828125,0.20149441528320314,0.04431703948974609,0.5682147216796875,0.9823298429319371,0.9823298429319371,0.0032167050242424013,0.024568737517890286,1.0,75.05,75.05,1
20.515,0.2671145324707031,0.2597768249511719,0.09110433959960937,0.5506541748046875,0.9907384840360711,0.9885449670972459,0.0037903034687042235,0.031619847020466135,0.9375,203.25,202.8,0
20.185,0.2643623962402344,0.2581162414550781,0.09110433959960937,0.5185903930664062,0.9915779043844439,0.9898439435224177,0.0027590999007225036,0.023095899249781882,0.9375,200.15,199.8,0
0.11,0.4318587646484375,0.44523675537109375,0.19204165649414062,0.6230313110351563,0.22727272727272727,0.4090909090909091,0.009549764394760131,0.05306268539521765,0.75,0.25,0.45,0
20.185,0.2643623962402344,0.2581162414550781,0.09110433959960937,0.5185903930664062,0.9915779043844439,0.9898439435224177,0.0027590999007225036,0.023095899249781882,0.9375,200.15,199.8,0
23.845,0.18701899719238282,0.17326280212402342,0.0390384407043457,0.51214453125,0.9901446844202139,0.9897253092891591,0.002408554404973984,0.03535167260018054,0.9375,236.1,236.0,1
11.23,0.1846114501953125,0.166421142578125,0.033105892181396486,0.5355184326171875,0.9772929652715939,0.9777382012466608,0.0022667914628982542,0.017380301977328896,0.9375,109.75,109.8,0
11.185,0.18455564880371095,0.1658915252685547,0.033105892181396486,0.5488278198242188,0.9772016092981672,0.9772016092981672,0.0036272183060646057,0.0292894423361366,0.9375,109.3,109.3,0
20.435,0.17285298156738282,0.1529705810546875,0.025612497329711915,0.5515904541015625,0.9919256178125765,0.9916809395644727,0.002209675908088684,0.023295997080807016,0.9375,202.7,202.65,1
25.325,0.15203884887695313,0.13320660400390624,0.017435596466064452,0.5493414306640625,0.9926949654491609,0.9934846989141165,0.0025127559900283815,0.020549477157588723,0.9375,251.4,251.6,1
26.35,0.16103323364257813,0.13983561706542968,0.021540658950805664,0.5231634521484375,0.9952561669829222,0.9956356736242884,0.0021779341995716095,0.023388890908280502,0.9375,262.25,262.35,1
0.11,0.4318587646484375,0.44523675537109375,0.19204165649414062,0.6230313110351563,0.22727272727272727,0.4090909090909091,0.009549764394760131,0.05306268539521765,0.75,0.25,0.45,0
7.815,0.23418545532226562,0.21697004699707031,0.05553377532958984,0.6122973022460938,0.9846449136276392,0.9852847088931542,0.0033717912435531614,0.028024973435942818,1.0,76.95,77.0,1
0.335,0.45864620971679687,0.47437960815429686,0.19204165649414062,0.5888938598632812,0.07462686567164178,0.14925373134328357,0.001742611527442932,0.029597210942223878,0.9375,0.25,0.5,0
0.335,0.45864620971679687,0.47437960815429686,0.19204165649414062,0.5888938598632812,0.07462686567164178,0.14925373134328357,0.001742611527442932,0.029597210942223878,0.9375,0.25,0.5,0
21.36,0.17098683166503906,0.1449275665283203,0.015874507904052735,0.5218198852539062,0.9894662921348315,0.9894662921348315,0.0020596943795681,0.024409001308782874,0.9375,211.35,211.35,1
24.975,0.16453756713867188,0.1505855255126953,0.03515679168701172,0.63004443359375,0.9903903903903903,0.9905905905905906,0.002297278344631195,0.012722613258039927,0.9375,247.35,247.4,1
22.03,0.18079421997070313,0.15276124572753907,0.017088006973266602,0.5609955444335938,0.9900136177939174,0.9906945074897866,0.002246418595314026,0.019515125309864,0.9375,218.1,218.25,1
0.37,0.46972076416015623,0.4690806274414063,0.3675921630859375,0.5943668823242187,0.08108108108108109,0.16216216216216217,0.016236271858215332,0.03332551515631595,0.875,0.3,0.6,0
25.34,0.18078724670410157,0.1675469970703125,0.027928480148315428,0.5293392333984375,0.9925019731649566,0.9925019731649566,0.002473871856927872,0.02740119588987422,0.9375,251.5,251.5,1
26.11,0.16131661987304688,0.14235870361328126,0.022181072235107423,0.5111203308105469,0.9959785522788204,0.995787054768288,0.0021907158195972444,0.017064649643332545,0.9375,260.05,260.0,1
7.925,0.2146923828125,0.19250973510742186,0.03452535247802734,0.5636594848632812,0.9936908517350158,0.9917981072555205,0.003226800560951233,0.03098729909195942,0.9375,78.75,78.6,1
15.455,0.272849365234375,0.2670430603027344,0.09254188537597656,0.5732468872070312,0.9860886444516338,0.9835004852798447,0.004458552002906799,0.043575828356799344,0.9375,152.4,152.0,0
0.1,0.43921054077148436,0.43706695556640623,0.3677336120605469,0.5622882080078125,0.25,0.45,0.015158089399337769,0.06765922856373169,0.6875,0.25,0.45,0
26.44,0.17499861145019532,0.15869467163085937,0.03340658569335937,0.5322067260742187,0.995839636913767,0.9956505295007564,0.002436927855014801,0.017912938455418144,0.9375,263.3,263.25,1
15.455,0.272849365234375,0.2670430603027344,0.09254188537597656,0.5732468872070312,0.9860886444516338,0.9835004852798447,0.004458552002906799,0.043575828356799344,0.9375,152.4,152.0,0
0.11,0.4318587646484375,0.44523675537109375,0.19204165649414062,0.6230313110351563,0.22727272727272727,0.4090909090909091,0.009549764394760131,0.05306268539521765,0.75,0.25,0.45,0
25.085,0.20964976501464844,0.1957855987548828,0.04898979568481445,0.523748046875,0.9922264301375324,0.9920271078333666,0.0030040216445922853,0.0371836983186499,0.9375,248.9,248.85,1
0.135,0.4038021240234375,0.41183493041992186,0.23768887329101562,0.5097921142578125,0.2222222222222222,0.3333333333333333,0.009852968454360962,0.06684947353552625,0.6875,0.3,0.45,0
11.23,0.1846114501953125,0.166421142578125,0.033105892181396486,0.5355184326171875,0.9772929652715939,0.9777382012466608,0.0022667914628982542,0.017380301977328896,0.9375,109.75,109.8,0
0.1,0.43921054077148436,0.43706695556640623,0.3677336120605469,0.5622882080078125,0.25,0.45,0.015158089399337769,0.06765922856373169,0.6875,0.25,0.45,0
0.37,0.46972076416015623,0.4690806274414063,0.3675921630859375,0.5943668823242187,0.08108108108108109,0.16216216216216217,0.016236271858215332,0.03332551515631595,0.875,0.3,0.6,0
26.895,0.15879283142089845,0.13850631713867187,0.018547237396240233,0.513649658203125,0.9940509388362149,0.9940509388362149,0.002104928195476532,0.013353263470140032,0.9375,267.35,267.35,1
0.1,0.43921054077148436,0.43706695556640623,0.3677336120605469,0.5622882080078125,0.25,0.45,0.015158089399337769,0.06765922856373169,0.6875,0.25,0.45,0
0.335,0.45864620971679687,0.47437960815429686,0.19204165649414062,0.5888938598632812,0.07462686567164178,0.14925373134328357,0.001742611527442932,0.029597210942223878,0.9375,0.25,0.5,0
25.195,0.17799484252929687,0.16460862731933593,0.02505992889404297,0.516155029296875,0.9948402460805715,0.9952371502282199,0.002419732064008713,0.015230475889361808,0.9375,250.65,250.75,1
6.965,0.20653016662597656,0.17085665893554688,0.031304952621459964,0.5548080444335938,0.9877961234745154,0.9863603732950467,0.003083275854587555,0.02782980608563556,1.0,68.8,68.7,1
9.07,0.2100867156982422,0.19139488220214843,0.050477718353271486,0.6100164184570313,0.9878721058434399,0.9873208379272327,0.0031262874603271485,0.038373971814310515,1.0,89.6,89.55,1
9.86,0.19888597106933595,0.17690675354003907,0.029325756072998047,0.5583690795898437,0.9939148073022313,0.9934077079107505,0.0030532610416412354,0.0378935001962592,1.0,98.0,97.95,1
6.955,0.2083000946044922,0.17254563903808592,0.021725561141967772,0.5905184326171875,0.98274622573688,0.9820273184759166,0.0031848371028900145,0.022993245160840732,0.9375,68.35,68.3,1
0.135,0.4038021240234375,0.41183493041992186,0.23768887329101562,0.5097921142578125,0.2222222222222222,0.3333333333333333,0.009852968454360962,0.06684947353552625,0.6875,0.3,0.45,0
0.135,0.4038021240234375,0.41183493041992186,0.23768887329101562,0.5097921142578125,0.2222222222222222,0.3333333333333333,0.009852968454360962,0.06684947353552625,0.6875,0.3,0.45,0
0.335,0.45864620971679687,0.47437960815429686,0.19204165649414062,0.5888938598632812,0.07462686567164178,0.14925373134328357,0.001742611527442932,0.029597210942223878,0.9375,0.25,0.5,0
20.115,0.18476417541503906,0.16417063903808593,0.02059126091003418,0.5411727905273438,0.9885657469550087,0.9878200347999005,0.002286035120487213,0.023296560892182624,0.9375,198.85,198.7,1
9.035,0.190692138671875,0.16442626953125,0.025534290313720703,0.5673658447265625,0.9933591588267847,0.9911455451023796,0.003267696797847748,0.023353684048218207,0.9375,89.75,89.55,1
0.37,0.46972076416015623,0.4690806274414063,0.3675921630859375,0.5943668823242187,0.08108108108108109,0.16216216216216217,0.016236271858215332,0.03332551515631595,0.875,0.3,0.6,0
23.575,0.18369647216796875,0.16894969177246094,0.026153392791748047,0.5213444213867188,0.993001060445387,0.9927889713679745,0.002323468178510666,0.03475248956256341,0.9375,234.1,234.05,1
20.515,0.2671145324707031,0.2597768249511719,0.09110433959960937,0.5506541748046875,0.9907384840360711,0.9885449670972459,0.0037903034687042235,0.031619847020466135,0.9375,203.25,202.8,0
25.97,0.1542860107421875,0.13819551086425783,0.021354156494140623,0.5161356201171875,0.993453985367732,0.9936465152098575,0.0024015218019485473,0.021215398096786957,0.9375,258.0,258.05,1
15.705,0.27467132568359376,0.2683803405761719,0.09254188537597656,0.53298779296875,0.9847182425978988,0.9723018147086915,0.00352166086435318,0.03733354668755561,0.9375,154.65,152.7,0
0.135,0.4038021240234375,0.41183493041992186,0.23768887329101562,0.5097921142578125,0.2222222222222222,0.3333333333333333,0.009852968454360962,0.06684947353552625,0.6875,0.3,0.45,0
0.1,0.43921054077148436,0.43706695556640623,0.3677336120605469,0.5622882080078125,0.25,0.45,0.015158089399337769,0.06765922856373169,0.6875,0.25,0.45,0
25.415,0.15756843566894532,0.13885243225097657,0.02009975051879883,0.5240343627929688,0.9927208341530592,0.9929175683651387,0.0021974387764930724,0.014509928507550115,0.9375,252.3,252.35,1
0.475,0.47138113403320314,0.4754366455078125,0.22655683898925782,0.5634216918945313,0.10526315789473684,0.12631578947368421,0.0073126876354217525,0.0528313419493429,0.875,0.5,0.6,0
24.9,0.1762403564453125,0.160673583984375,0.03784177398681641,0.529456298828125,0.992570281124498,0.9921686746987952,0.0027848193049430847,0.04229104927932396,0.9375,247.15,247.05,1
0.475,0.47138113403320314,0.4754366455078125,0.22655683898925782,0.5634216918945313,0.10526315789473684,0.12631578947368421,0.0073126876354217525,0.0528313419493429,0.875,0.5,0.6,0
15.455,0.272849365234375,0.2670430603027344,0.09254188537597656,0.5732468872070312,0.9860886444516338,0.9835004852798447,0.004458552002906799,0.043575828356799344,0.9375,152.4,152.0,0
11.185,0.18455564880371095,0.1658915252685547,0.033105892181396486,0.5488278198242188,0.9772016092981672,0.9772016092981672,0.0036272183060646057,0.0292894423361366,0.9375,109.3,109.3,0
20.73,0.18776419067382813,0.16702694702148438,0.02734958839416504,0.5663179321289062,0.9905933429811867,0.9901109503135552,0.0025115326046943665,0.01644012461790605,0.9375,205.35,205.25,1
11.23,0.1846114501953125,0.166421142578125,0.033105892181396486,0.5355184326171875,0.9772929652715939,0.9777382012466608,0.0022667914628982542,0.017380301977328896,0.9375,109.75,109.8,0
24.245,0.18393301391601563,0.17242970275878905,0.029866369247436523,0.5320338134765625,0.9931944730872345,0.9934007011755001,0.003025256097316742,0.022351077848052806,0.9375,240.8,240.85,1
15.705,0.27467132568359376,0.2683803405761719,0.09254188537597656,0.53298779296875,0.9847182425978988,0.9723018147086915,0.00352166086435318,0.03733354668755561,0.9375,154.65,152.7,0
9.06,0.198962646484375,0.17504856872558594,0.033823070526123045,0.5688866577148437,0.9928256070640177,0.9928256070640177,0.002798224985599518,0.022140648945691933,1.0,89.95,89.95,1
11.185,0.18455564880371095,0.1658915252685547,0.033105892181396486,0.5488278198242188,0.9772016092981672,0.9772016092981672,0.0036272183060646057,0.0292894423361366,0.9375,109.3,109.3,0
11.23,0.1846114501953125,0.166421142578125,0.033105892181396486,0.5355184326171875,0.9772929652715939,0.9777382012466608,0.0022667914628982542,0.017380301977328896,0.9375,109.75,109.8,0
0.135,0.4038021240234375,0.41183493041992186,0.23768887329101562,0.5097921142578125,0.2222222222222222,0.3333333333333333,0.009852968454360962,0.06684947353552625,0.6875,0.3,0.45,0
25.03,0.17599212646484375,0.1588017578125,0.023151674270629884,0.5489517211914062,0.9908110267678786,0.9894127047542949,0.003457195460796356,0.02406917112888147,0.9375,248.0,247.65,1
9.31,0.19380136108398438,0.17031735229492187,0.02545584487915039,0.5783804931640625,0.9919441460794844,0.99140708915145,0.0030579251050949097,0.04329345059541814,1.0,92.35,92.3,1
20.515,0.2671145324707031,0.2597768249511719,0.09110433959960937,0.5506541748046875,0.9907384840360711,0.9885449670972459,0.0037903034687042235,0.031619847020466135,0.9375,203.25,202.8,0
15.455,0.272849365234375,0.2670430603027344,0.09254188537597656,0.5732468872070312,0.9860886444516338,0.9835004852798447,0.004458552002906799,0.043575828356799344,0.9375,152.4,152.0,0
23.36,0.18082188415527345,0.15911001586914061,0.02842534065246582,0.51205078125,0.9935787671232876,0.9935787671232876,0.0019824421405792237,0.015205741195482531,0.9375,232.1,232.1,1
26.435,0.15878773498535156,0.13720057678222655,0.019287302017211915,0.5171150512695313,0.9962171363722337,0.9962171363722337,0.0024348224699497225,0.024667379341006677,0.9375,263.35,263.35,1
25.765,0.16212359619140626,0.14632839965820313,0.0305941162109375,0.531544921875,0.994760333786144,0.9939840869396468,0.0025794833898544313,0.021627526693173926,0.9375,256.3,256.1,1
20.185,0.2643623962402344,0.2581162414550781,0.09110433959960937,0.5185903930664062,0.9915779043844439,0.9898439435224177,0.0027590999007225036,0.023095899249781882,0.9375,200.15,199.8,0
25.135,0.16641712951660156,0.1535968780517578,0.03714834976196289,0.49979595947265626,0.9936343743783569,0.9938333001790333,0.002162395417690277,0.014327663006308495,0.9375,249.75,249.8,1
15.705,0.27467132568359376,0.2683803405761719,0.09254188537597656,0.53298779296875,0.9847182425978988,0.9723018147086915,0.00352166086435318,0.03733354668755561,0.9375,154.65,152.7,0
25.375,0.16775482177734374,0.14489996337890626,0.021540658950805664,0.5028796997070313,0.992512315270936,0.9919211822660099,0.0026433971524238587,0.0560151815903307,0.9375,251.85,251.7,1
25.88,0.15772479248046875,0.13738995361328124,0.017435596466064452,0.5097646484375,0.9930448222565688,0.9930448222565688,0.001964966505765915,0.016573541855372503,0.9375,257.0,257.0,1
25.165,0.18104293823242187,0.16834487915039062,0.036110939025878905,0.5288477783203125,0.9926485197695212,0.9926485197695212,0.0025831204652786255,0.042164688694183536,0.9375,249.8,249.8,1
24.54,0.19207449340820312,0.178974853515625,0.034292858123779295,0.5166004028320312,0.993683781581092,0.993480032599837,0.0023126526176929472,0.016258347765356403,0.9375,243.85,243.8,1
26.015,0.1600645751953125,0.13813037109375,0.019493589401245116,0.5288289184570313,0.9955794733807419,0.9957716701902748,0.002121792584657669,0.03175930536173006,0.9375,259.0,259.05,1
15.705,0.27467132568359376,0.2683803405761719,0.09254188537597656,0.53298779296875,0.9847182425978988,0.9723018147086915,0.00352166086435318,0.03733354668755561,0.9375,154.65,152.7,0
25.175,0.15810997009277344,0.13836184692382814,0.021540658950805664,0.5482517700195313,0.9926514399205562,0.9926514399205562,0.002276400476694107,0.014755906258129245,0.9375,249.9,249.9,1
11.185,0.18455564880371095,0.1658915252685547,0.033105892181396486,0.5488278198242188,0.9772016092981672,0.9772016092981672,0.0036272183060646057,0.0292894423361366,0.9375,109.3,109.3,0
20.185,0.2643623962402344,0.2581162414550781,0.09110433959960937,0.5185903930664062,0.9915779043844439,0.9898439435224177,0.0027590999007225036,0.023095899249781882,0.9375,200.15,199.8,0
11.185,0.18455564880371095,0.1658915252685547,0.033105892181396486,0.5488278198242188,0.9772016092981672,0.9772016092981672,0.0036272183060646057,0.0292894423361366,0.9375,109.3,109.3,0
25.84,0.18904051208496095,0.17523127746582032,0.04180908966064453,0.49516867065429687,0.9949690402476781,0.9949690402476781,0.002085726112127304,0.015591694182351354,0.9375,257.1,257.1,1
21.58,0.17442820739746093,0.14913751220703125,0.02078460884094238,0.5160116577148437,0.992354031510658,0.992354031510658,0.0021570880711078645,0.041400109888229265,0.9375,214.15,214.15,1
8.85,0.20801889038085938,0.18363548278808595,0.03013303756713867,0.5767911376953125,0.9830508474576272,0.9830508474576272,0.0032526132464408873,0.03643619676668296,1.0,87.0,87.0,1
0.335,0.45864620971679687,0.47437960815429686,0.19204165649414062,0.5888938598632812,0.07462686567164178,0.14925373134328357,0.001742611527442932,0.029597210942223878,0.9375,0.25,0.5,0
0.135,0.4038021240234375,0.41183493041992186,0.23768887329101562,0.5097921142578125,0.2222222222222222,0.3333333333333333,0.009852968454360962,0.06684947353552625,0.6875,0.3,0.45,0
20.185,0.2643623962402344,0.2581162414550781,0.09110433959960937,0.5185903930664062,0.9915779043844439,0.9898439435224177,0.0027590999007225036,0.023095899249781882,0.9375,200.15,199.8,0
9.06,0.18731678771972657,0.16387188720703125,0.026832815170288085,0.55250341796875,0.9878587196467992,0.9878587196467992,0.002912106513977051,0.024529333809320687,1.0,89.5,89.5,1
9.11,0.2097489013671875,0.1886478271484375,0.02785677719116211,0.5865560302734375,0.9890230515916575,0.9884742041712404,0.003553918898105621,0.025339239381853517,1.0,90.1,90.05,1
0.37,0.46972076416015623,0.4690806274414063,0.3675921630859375,0.5943668823242187,0.08108108108108109,0.16216216216216217,0.016236271858215332,0.03332551515631595,0.875,0.3,0.6,0
6.23,0.20489915466308595,0.16967025756835938,0.018439088821411133,0.636744873046875,0.9807383627608347,0.9815409309791332,0.0030062589049339294,0.024365085579895675,0.9375,61.1,61.15,1
20.515,0.2671145324707031,0.2597768249511719,0.09110433959960937,0.5506541748046875,0.9907384840360711,0.9885449670972459,0.0037903034687042235,0.031619847020466135,0.9375,203.25,202.8,0
0.335,0.45864620971679687,0.47437960815429686,0.19204165649414062,0.5888938598632812,0.07462686567164178,0.14925373134328357,0.001742611527442932,0.029597210942223878,0.9375,0.25,0.5,0
24.845,0.16467543029785156,0.15013327026367188,0.02424871063232422,0.5261064453125,0.9907426041457034,0.9913463473535923,0.0021271616220474242,0.018155577427332193,0.9375,246.15,246.3,1
0.335,0.45864620971679687,0.47437960815429686,0.19204165649414062,0.5888938598632812,0.07462686567164178,0.14925373134328357,0.001742611527442932,0.029597210942223878,0.9375,0.25,0.5,0
0.11,0.4318587646484375,0.44523675537109375,0.19204165649414062,0.6230313110351563,0.22727272727272727,0.4090909090909091,0.009549764394760131,0.05306268539521765,0.75,0.25,0.45,0
15.705,0.27467132568359376,0.2683803405761719,0.09254188537597656,0.53298779296875,0.9847182425978988,0.9723018147086915,0.00352166086435318,0.03733354668755561,0.9375,154.65,152.7,0
15.455,0.272849365234375,0.2670430603027344,0.09254188537597656,0.5732468872070312,0.9860886444516338,0.9835004852798447,0.004458552002906799,0.043575828356799344,0.9375,152.4,152.0,0
23.255,0.17680047607421875,0.15138031005859376,0.02144761085510254,0.53972216796875,0.9935497742420984,0.9933347667168351,0.0019691771268844603,0.020892850517649237,0.9375,231.05,231.0,1
0.1,0.43921054077148436,0.43706695556640623,0.3677336120605469,0.5622882080078125,0.25,0.45,0.015158089399337769,0.06765922856373169,0.6875,0.25,0.45,0
0.1,0.43921054077148436,0.43706695556640623,0.3677336120605469,0.5622882080078125,0.25,0.45,0.015158089399337769,0.06765922856373169,0.6875,0.25,0.45,0
11.185,0.18455564880371095,0.1658915252685547,0.033105892181396486,0.5488278198242188,0.9772016092981672,0.9772016092981672,0.0036272183060646057,0.0292894423361366,0.9375,109.3,109.3,0
19.61,0.1815967559814453,0.16316249084472656,0.02842534065246582,0.5085390930175782,0.9885262621111678,0.9880163182049975,0.00242381751537323,0.017254611505640373,0.9375,193.85,193.75,1
24.97,0.20442030334472655,0.190787841796875,0.04166533279418945,0.5452008666992187,0.9923908690428515,0.9919903884661594,0.002712046802043915,0.018880632515034714,0.9375,247.8,247.7,1
0.335,0.45864620971679687,0.47437960815429686,0.19204165649414062,0.5888938598632812,0.07462686567164178,0.14925373134328357,0.001742611527442932,0.029597210942223878,0.9375,0.25,0.5,0
25.13,0.19917623901367187,0.18570944213867188,0.04703190231323242,0.536119384765625,0.9940310385992838,0.9926382809391165,0.002799713909626007,0.036506921616464835,0.9375,249.8,249.45,1
0.135,0.4038021240234375,0.41183493041992186,0.23768887329101562,0.5097921142578125,0.2222222222222222,0.3333333333333333,0.009852968454360962,0.06684947353552625,0.6875,0.3,0.45,0
20.515,0.2671145324707031,0.2597768249511719,0.09110433959960937,0.5506541748046875,0.9907384840360711,0.9885449670972459,0.0037903034687042235,0.031619847020466135,0.9375,203.25,202.8,0
25.55,0.16084477233886718,0.14211965942382812,0.02720294189453125,0.4945381774902344,0.9917808219178083,0.9917808219178083,0.0021343331038951876,0.016658858692355963,0.9375,253.4,253.4,1
20.185,0.2643623962402344,0.2581162414550781,0.09110433959960937,0.5185903930664062,0.9915779043844439,0.9898439435224177,0.0027590999007225036,0.023095899249781882,0.9375,200.15,199.8,0
0.37,0.46972076416015623,0.4690806274414063,0.3675921630859375,0.5943668823242187,0.08108108108108109,0.16216216216216217,0.016236271858215332,0.03332551515631595,0.875,0.3,0.6,0
23.575,0.19209349060058595,0.1789413299560547,0.032124755859375,0.5163138427734375,0.9898197242841994,0.9889713679745493,0.0025750377774238584,0.017724138116031303,0.9375,233.35,233.15,1
0.335,0.45864620971679687,0.47437960815429686,0.19204165649414062,0.5888938598632812,0.07462686567164178,0.14925373134328357,0.001742611527442932,0.029597210942223878,0.9375,0.25,0.5,0
22.57,0.17378102111816407,0.14741098022460938,0.02959729766845703,0.52324755859375,0.9898094816127603,0.9895879486043421,0.001987144649028778,0.02283292230677124,0.9375,223.4,223.35,1
26.16,0.16216423034667968,0.14267445373535156,0.022,0.5109716186523438,0.9954128440366973,0.9950305810397554,0.002247421592473984,0.023243548114104562,0.9375,260.4,260.3,1
0.1,0.43921054077148436,0.43706695556640623,0.3677336120605469,0.5622882080078125,0.25,0.45,0.015158089399337769,0.06765922856373169,0.6875,0.25,0.45,0
26.04,0.1503780212402344,0.12809371948242188,0.019287302017211915,0.5140388793945313,0.9917434715821812,0.9921274961597543,0.0018358318507671356,0.04685062233755534,0.9375,258.25,258.35,1
25.845,0.16516021728515626,0.15336231994628907,0.02607680892944336,0.5179884033203125,0.9922615592958018,0.9924550203134068,0.002185342460870743,0.03218634307870515,0.9375,256.45,256.5,1
0.37,0.46972076416015623,0.4690806274414063,0.3675921630859375,0.5943668823242187,0.08108108108108109,0.16216216216216217,0.016236271858215332,0.03332551515631595,0.875,0.3,0.6,0
8.595,0.2244765167236328,0.20985710144042968,0.03231098937988281,0.5691361694335938,0.9918557300756253,0.9918557300756253,0.003779597580432892,0.036740883674045724,1.0,85.25,85.25,1
26.43,0.19172921752929686,0.17583514404296874,0.045343135833740236,0.5176716918945312,0.9935679152478244,0.9933787362845251,0.002270873188972473,0.021752453835136767,0.9375,262.6,262.55,1
20.185,0.2643623962402344,0.2581162414550781,0.09110433959960937,0.5185903930664062,0.9915779043844439,0.9898439435224177,0.0027590999007225036,0.023095899249781882,0.9375,200.15,199.8,0
25.445,0.16994483947753905,0.15639692687988282,0.04219004440307617,0.539013916015625,0.9956769502849283,0.9952839457653763,0.0024511568248271943,0.022849610008664867,0.9375,253.35,253.25,1
24.57,0.16201742553710938,0.14551976013183593,0.02849561309814453,0.552025390625,0.9916564916564916,0.9920634920634921,0.0025942182540893556,0.028427927218123112,0.9375,243.65,243.75,1
25.33,0.16268548583984374,0.1484991455078125,0.02009975051879883,0.5753294677734375,0.9942755625740229,0.9940781681800237,0.002437615543603897,0.029419158934776757,0.9375,251.85,251.8,1
24.485,0.19164735412597655,0.17848249816894532,0.03660601043701172,0.52837109375,0.9934653869716152,0.9936695936287523,0.0023067040741443635,0.02627976198411295,0.9375,243.25,243.3,1
15.705,0.27467132568359376,0.2683803405761719,0.09254188537597656,0.53298779296875,0.9847182425978988,0.9723018147086915,0.00352166086435318,0.03733354668755561,0.9375,154.65,152.7,0
22.775,0.17473695373535156,0.150066650390625,0.024576412200927735,0.528424072265625,0.9923161361141603,0.9920965971459934,0.002106955051422119,0.019619002579355036,0.9375,226.0,225.95,1
0.475,0.47138113403320314,0.4754366455078125,0.22655683898925782,0.5634216918945313,0.10526315789473684,0.12631578947368421,0.0073126876354217525,0.0528313419493429,0.875,0.5,0.6,0
0.37,0.46972076416015623,0.4690806274414063,0.3675921630859375,0.5943668823242187,0.08108108108108109,0.16216216216216217,0.016236271858215332,0.03332551515631595,0.875,0.3,0.6,0
15.455,0.272849365234375,0.2670430603027344,0.09254188537597656,0.5732468872070312,0.9860886444516338,0.9835004852798447,0.004458552002906799,0.043575828356799344,0.9375,152.4,152.0,0
24.31,0.19817901611328126,0.18452099609375,0.03704051971435547,0.5348457641601563,0.9923899629781983,0.990744549568079,0.003739026486873627,0.02315748406684936,0.9375,241.25,240.85,1
15.705,0.27467132568359376,0.2683803405761719,0.09254188537597656,0.53298779296875,0.9847182425978988,0.9723018147086915,0.00352166086435318,0.03733354668755561,0.9375,154.65,152.7,0
9.36,0.18338308715820312,0.15919171142578126,0.024494897842407225,0.546120849609375,0.9946581196581197,0.9935897435897436,0.0031519722938537597,0.02950586877942373,0.9375,93.1,93.0,1
11.23,0.1846114501953125,0.166421142578125,0.033105892181396486,0.5355184326171875,0.9772929652715939,0.9777382012466608,0.0022667914628982542,0.017380301977328896,0.9375,109.75,109.8,0
21.255,0.17241290283203126,0.15083766174316407,0.022360679626464843,0.503678466796875,0.993413314514232,0.9931780757468831,0.0022321464121341705,0.019727939912895252,0.9375,211.15,211.1,1
0.135,0.4038021240234375,0.41183493041992186,0.23768887329101562,0.5097921142578125,0.2222222222222222,0.3333333333333333,0.009852968454360962,0.06684947353552625,0.6875,0.3,0.45,0
25.51,0.17482646179199218,0.16122035217285155,0.03594440078735352,0.545596923828125,0.9925519404155233,0.9921599372794982,0.002593520283699036,0.03380533280366355,0.9375,253.2,253.1,1
0.475,0.47138113403320314,0.4754366455078125,0.22655683898925782,0.5634216918945313,0.10526315789473684,0.12631578947368421,0.0073126876354217525,0.0528313419493429,0.875,0.5,0.6,0
25.36,0.16837484741210937,0.15671629333496093,0.025845695495605468,0.4966084899902344,0.9929022082018928,0.9929022082018928,0.002526538074016571,0.03339439221508288,0.9375,251.8,251.8,1
24.13,0.1834082794189453,0.16862384033203126,0.04252058410644531,0.5328189086914062,0.9915043514297555,0.9919187733112308,0.0020453578233718874,0.046125226002365335,0.9375,239.25,239.35,1
25.46,0.17549484252929687,0.1596120300292969,0.04745524215698242,0.5052207336425781,0.9941084053417125,0.9939120188531029,0.0023118525743484495,0.017530784074571405,0.9375,253.1,253.05,1
9.99,0.15860890197753907,0.13,0.02078460884094238,0.58550830078125,0.991991991991992,0.991991991991992,0.0023269788920879365,0.028517792686159994,1.0,99.1,99.1,1
11.185,0.18455564880371095,0.1658915252685547,0.033105892181396486,0.5488278198242188,0.9772016092981672,0.9772016092981672,0.0036272183060646057,0.0292894423361366,0.9375,109.3,109.3,0
19.505,0.17322727966308593,0.15342750549316406,0.03605551147460938,0.4985458984375,0.9879518072289156,0.98820815175596,0.002127984166145325,0.016334194335800023,0.9375,192.7,192.75,1
9.56,0.19318560791015624,0.1735223388671875,0.04489988708496094,0.5710376586914062,0.9890167364016736,0.9890167364016736,0.0028277143836021425,0.053352499197403126,1.0,94.55,94.55,1
11.23,0.1846114501953125,0.166421142578125,0.033105892181396486,0.5355184326171875,0.9772929652715939,0.9777382012466608,0.0022667914628982542,0.017380301977328896,0.9375,109.75,109.8,0
24.46,0.16346902465820312,0.14673104858398436,0.022538854598999025,0.5057825622558594,0.9920278004905969,0.9920278004905969,0.0021954350173473357,0.01879751089376549,0.9375,242.65,242.65,1
0.335,0.45864620971679687,0.47437960815429686,0.19204165649414062,0.5888938598632812,0.07462686567164178,0.14925373134328357,0.001742611527442932,0.029597210942223878,0.9375,0.25,0.5,0
0.37,0.46972076416015623,0.4690806274414063,0.3675921630859375,0.5943668823242187,0.08108108108108109,0.16216216216216217,0.016236271858215332,0.03332551515631595,0.875,0.3,0.6,0
0.335,0.45864620971679687,0.47437960815429686,0.19204165649414062,0.5888938598632812,0.07462686567164178,0.14925373134328357,0.001742611527442932,0.029597210942223878,0.9375,0.25,0.5,0
11.185,0.18455564880371095,0.1658915252685547,0.033105892181396486,0.5488278198242188,0.9772016092981672,0.9772016092981672,0.0036272183060646057,0.0292894423361366,0.9375,109.3,109.3,0
0.475,0.47138113403320314,0.4754366455078125,0.22655683898925782,0.5634216918945313,0.10526315789473684,0.12631578947368421,0.0073126876354217525,0.0528313419493429,0.875,0.5,0.6,0
0.1,0.43921054077148436,0.43706695556640623,0.3677336120605469,0.5622882080078125,0.25,0.45,0.015158089399337769,0.06765922856373169,0.6875,0.25,0.45,0
9.7,0.18241127014160155,0.15900942993164063,0.02905167770385742,0.56369140625,0.9938144329896907,0.993298969072165,0.00296924889087677,0.032335756024106176,1.0,96.4,96.35,1
26.83,0.16363909912109376,0.14570516967773436,0.021260292053222656,0.5341572875976562,0.995527394707417,0.9949683190458442,0.0022772513329982758,0.02159634614509277,0.9375,267.1,266.95,1
25.895,0.18410055541992187,0.16954055786132813,0.04256759262084961,0.5244349365234375,0.995945163158911,0.9957520756902877,0.0022977502644062043,0.024961271737364586,0.9375,257.9,257.85,1
25.605,0.16106349182128907,0.14374978637695313,0.023323806762695312,0.5017569274902344,0.9935559461042766,0.993751220464753,0.00202921137213707,0.015847655151426998,0.9375,254.4,254.45,1
25.34,0.17995501708984374,0.16536627197265624,0.039140769958496094,0.5009311218261718,0.9923046566692976,0.9925019731649566,0.0018368111550807953,0.03153459525495771,0.9375,251.45,251.5,1
7.795,0.2232431640625,0.20049937438964843,0.04127953338623047,0.560499755859375,0.9897370109044259,0.9890955740859525,0.0029636701941490175,0.03386571509238658,1.0,77.15,77.1,1
9.005,0.19766221618652344,0.176669189453125,0.02749545478820801,0.58084765625,0.9900055524708495,0.9883398112159911,0.0033283960819244385,0.02460331339910091,0.9375,89.15,89.0,1
20.185,0.2643623962402344,0.2581162414550781,0.09110433959960937,0.5185903930664062,0.9915779043844439,0.9898439435224177,0.0027590999007225036,0.023095899249781882,0.9375,200.15,199.8,0
0.135,0.4038021240234375,0.41183493041992186,0.23768887329101562,0.5097921142578125,0.2222222222222222,0.3333333333333333,0.009852968454360962,0.06684947353552625,0.6875,0.3,0.45,0
25.455,0.19660928344726564,0.17985549926757813,0.04543126678466797,0.5445108032226562,0.9923394225103123,0.9917501473187978,0.002565454542636871,0.019307271839659704,0.9375,252.6,252.45,1
0.335,0.45864620971679687,0.47437960815429686,0.19204165649414062,0.5888938598632812,0.07462686567164178,0.14925373134328357,0.001742611527442932,0.029597210942223878,0.9375,0.25,0.5,0
15.705,0.27467132568359376,0.2683803405761719,0.09254188537597656,0.53298779296875,0.9847182425978988,0.9723018147086915,0.00352166086435318,0.03733354668755561,0.9375,154.65,152.7,0
23.805,0.17186186218261718,0.15566630554199218,0.026981475830078126,0.537985107421875,0.9924385633270322,0.9918084436042848,0.0033817625045776366,0.024970906616283175,0.9375,236.25,236.1,1
26.305,0.18713955688476563,0.17140594482421875,0.03698648452758789,0.529966064453125,0.9963885192929101,0.9967686751568143,0.0022515001893043517,0.019781057372554197,0.9375,262.1,262.2,1
9.035,0.1867561950683594,0.15372703552246095,0.02323789978027344,0.5520615844726563,0.9889319313779745,0.9889319313779745,0.002715073823928833,0.022576073476857115,1.0,89.35,89.35,1
0.1,0.43921054077148436,0.43706695556640623,0.3677336120605469,0.5622882080078125,0.25,0.45,0.015158089399337769,0.06765922856373169,0.6875,0.25,0.45,0
22.66,0.17870680236816405,0.15247950744628908,0.028,0.500675537109375,0.9936010591350397,0.9936010591350397,0.0022104617953300474,0.041056135610350396,0.9375,225.15,225.15,1
20.515,0.2671145324707031,0.2597768249511719,0.09110433959960937,0.5506541748046875,0.9907384840360711,0.9885449670972459,0.0037903034687042235,0.031619847020466135,0.9375,203.25,202.8,0
0.475,0.47138113403320314,0.4754366455078125,0.22655683898925782,0.5634216918945313,0.10526315789473684,0.12631578947368421,0.0073126876354217525,0.0528313419493429,0.875,0.5,0.6,0
0.475,0.47138113403320314,0.4754366455078125,0.22655683898925782,0.5634216918945313,0.10526315789473684,0.12631578947368421,0.0073126876354217525,0.0528313419493429,0.875,0.5,0.6,0
8.3,0.227135009765625,0.2036221923828125,0.05359104537963867,0.610439208984375,0.9825301204819277,0.9819277108433735,0.0030420711636543274,0.021847431771175145,1.0,81.55,81.5,1
26.51,0.16071923828125,0.13957077026367187,0.022090721130371093,0.5038968200683593,0.995473406261788,0.9952847981893626,0.002382473647594452,0.01752108690789054,0.9375,263.9,263.85,1
20.425,0.17143212890625,0.14827001953125,0.02144761085510254,0.5053078308105469,0.987515299877601,0.9865361077111383,0.002391669750213623,0.01584144239534348,0.9375,201.7,201.5,1
9.49,0.18312200927734376,0.160218505859375,0.027276363372802735,0.5847666015625,0.9952581664910432,0.9947312961011591,0.0029857593774795534,0.026709032399793043,1.0,94.45,94.4,1
15.455,0.272849365234375,0.2670430603027344,0.09254188537597656,0.5732468872070312,0.9860886444516338,0.9835004852798447,0.004458552002906799,0.043575828356799344,0.9375,152.4,152.0,0
9.065,0.20524183654785155,0.18668690490722656,0.025612497329711915,0.5709605712890625,0.9911748483177054,0.9900717043574186,0.0033766788244247435,0.02435291508260848,0.9375,89.85,89.75,1
22.65,0.18257656860351562,0.159455322265625,0.03394112396240234,0.5297886352539063,0.9938189845474613,0.9938189845474613,0.002343163937330246,0.022808044600979793,0.9375,225.1,225.1,1
15.705,0.27467132568359376,0.2683803405761719,0.09254188537597656,0.53298779296875,0.9847182425978988,0.9723018147086915,0.00352166086435318,0.03733354668755561,0.9375,154.65,152.7,0
24.59,0.1864104766845703,0.17100875854492187,0.03322649383544922,0.5334603881835938,0.9928832858885726,0.9924766165107768,0.0020612753927707673,0.03706881437565453,0.9375,244.15,244.05,1
11.185,0.18455564880371095,0.1658915252685547,0.033105892181396486,0.5488278198242188,0.9772016092981672,0.9772016092981672,0.0036272183060646057,0.0292894423361366,0.9375,109.3,109.3,0
15.455,0.272849365234375,0.2670430603027344,0.09254188537597656,0.5732468872070312,0.9860886444516338,0.9835004852798447,0.004458552002906799,0.043575828356799344,0.9375,152.4,152.0,0
0.335,0.45864620971679687,0.47437960815429686,0.19204165649414062,0.5888938598632812,0.07462686567164178,0.14925373134328357,0.001742611527442932,0.029597210942223878,0.9375,0.25,0.5,0
25.495,0.17186300659179687,0.16073580932617187,0.02979932975769043,0.5106113891601562,0.995881545401059,0.9960776622867229,0.0023510606586933137,0.01776230453735444,0.9375,253.9,253.95,1
0.475,0.47138113403320314,0.4754366455078125,0.22655683898925782,0.5634216918945313,0.10526315789473684,0.12631578947368421,0.0073126876354217525,0.0528313419493429,0.875,0.5,0.6,0
0.1,0.43921054077148436,0.43706695556640623,0.3677336120605469,0.5622882080078125,0.25,0.45,0.015158089399337769,0.06765922856373169,0.6875,0.25,0.45,0
25.36,0.15168113708496095,0.1304990234375,0.016248077392578126,0.5349653930664062,0.9923107255520505,0.9925078864353313,0.001954538524150848,0.01770541107604252,0.9375,251.65,251.7,1
15.455,0.272849365234375,0.2670430603027344,0.09254188537597656,0.5732468872070312,0.9860886444516338,0.9835004852798447,0.004458552002906799,0.043575828356799344,0.9375,152.4,152.0,0
25.305,0.16351948547363282,0.15114231872558595,0.03583294677734375,0.5114684753417968,0.9932819600869394,0.9930843706777317,0.0024236834049224856,0.04038157849121271,0.9375,251.35,251.3,1
0.37,0.46972076416015623,0.4690806274414063,0.3675921630859375,0.5943668823242187,0.08108108108108109,0.16216216216216217,0.016236271858215332,0.03332551515631595,0.875,0.3,0.6,0
25.985,0.16444674682617189,0.1467106018066406,0.02712932014465332,0.5278598022460937,0.9953819511256494,0.9953819511256494,0.002276281267404556,0.030573570616826827,0.9375,258.65,258.65,1
23.285,0.2047163848876953,0.18727519226074218,0.02849561309814453,0.5318421020507812,0.9918402404981748,0.9916255099849689,0.003567735850811005,0.04678512764072806,0.9375,230.95,230.9,1
0.135,0.4038021240234375,0.41183493041992186,0.23768887329101562,0.5097921142578125,0.2222222222222222,0.3333333333333333,0.009852968454360962,0.06684947353552625,0.6875,0.3,0.45,0
20.185,0.2643623962402344,0.2581162414550781,0.09110433959960937,0.5185903930664062,0.9915779043844439,0.9898439435224177,0.0027590999007225036,0.023095899249781882,0.9375,200.15,199.8,0
11.23,0.1846114501953125,0.166421142578125,0.033105892181396486,0.5355184326171875,0.9772929652715939,0.9777382012466608,0.0022667914628982542,0.017380301977328896,0.9375,109.75,109.8,0
24.485,0.19251528930664064,0.179677490234375,0.033105892181396486,0.5308860473632813,0.9938738002858893,0.9940780069430264,0.0021977058053016664,0.019902698955051763,0.9375,243.35,243.4,1
6.08,0.20423492431640625,0.16988795471191406,0.028284271240234374,0.5718461303710938,0.9884868421052632,0.9893092105263158,0.0030749085545539855,0.028459020085654384,0.9375,60.1,60.15,1
25.77,0.18590158081054686,0.17095613098144533,0.04591296005249024,0.5227733764648438,0.9955374466433837,0.9949553744664338,0.002375730127096176,0.05631331244289771,0.9375,256.55,256.4,1
20.83,0.17634344482421874,0.155254638671875,0.02181742477416992,0.5363133544921875,0.9923187710033605,0.9920787325972156,0.0021381723880767823,0.01383372187122967,0.9375,206.7,206.65,1
0.11,0.4318587646484375,0.44523675537109375,0.19204165649414062,0.6230313110351563,0.22727272727272727,0.4090909090909091,0.009549764394760131,0.05306268539521765,0.75,0.25,0.45,0
0.1,0.43921054077148436,0.43706695556640623,0.3677336120605469,0.5622882080078125,0.25,0.45,0.015158089399337769,0.06765922856373169,0.6875,0.25,0.45,0
20.515,0.2671145324707031,0.2597768249511719,0.09110433959960937,0.5506541748046875,0.9907384840360711,0.9885449670972459,0.0037903034687042235,0.031619847020466135,0.9375,203.25,202.8,0
11.185,0.18455564880371095,0.1658915252685547,0.033105892181396486,0.5488278198242188,0.9772016092981672,0.9772016092981672,0.0036272183060646057,0.0292894423361366,0.9375,109.3,109.3,0
20.515,0.2671145324707031,0.2597768249511719,0.09110433959960937,0.5506541748046875,0.9907384840360711,0.9885449670972459,0.0037903034687042235,0.031619847020466135,0.9375,203.25,202.8,0
20.515,0.2671145324707031,0.2597768249511719,0.09110433959960937,0.5506541748046875,0.9907384840360711,0.9885449670972459,0.0037903034687042235,0.031619847020466135,0.9375,203.25,202.8,0
7.055,0.20053321838378907,0.16474221801757813,0.02959729766845703,0.5656005859375,0.9900779588944011,0.9907866761162296,0.0027644181251525878,0.025799428405848656,0.9375,69.85,69.9,1
20.515,0.2671145324707031,0.2597768249511719,0.09110433959960937,0.5506541748046875,0.9907384840360711,0.9885449670972459,0.0037903034687042235,0.031619847020466135,0.9375,203.25,202.8,0
11.185,0.18455564880371095,0.1658915252685547,0.033105892181396486,0.5488278198242188,0.9772016092981672,0.9772016092981672,0.0036272183060646057,0.0292894423361366,0.9375,109.3,109.3,0
0.475,0.47138113403320314,0.4754366455078125,0.22655683898925782,0.5634216918945313,0.10526315789473684,0.12631578947368421,0.0073126876354217525,0.0528313419493429,0.875,0.5,0.6,0
0.37,0.46972076416015623,0.4690806274414063,0.3675921630859375,0.5943668823242187,0.08108108108108109,0.16216216216216217,0.016236271858215332,0.03332551515631595,0.875,0.3,0.6,0
10.02,0.14803323364257812,0.12349088287353516,0.022715633392333984,0.5492831420898437,0.9925149700598802,0.9930139720558883,0.002166888117790222,0.01567731123902305,1.0,99.45,99.5,1
0.335,0.45864620971679687,0.47437960815429686,0.19204165649414062,0.5888938598632812,0.07462686567164178,0.14925373134328357,0.001742611527442932,0.029597210942223878,0.9375,0.25,0.5,0
0.1,0.43921054077148436,0.43706695556640623,0.3677336120605469,0.5622882080078125,0.25,0.45,0.015158089399337769,0.06765922856373169,0.6875,0.25,0.45,0
11.185,0.18455564880371095,0.1658915252685547,0.033105892181396486,0.5488278198242188,0.9772016092981672,0.9772016092981672,0.0036272183060646057,0.0292894423361366,0.9375,109.3,109.3,0
20.185,0.2643623962402344,0.2581162414550781,0.09110433959960937,0.5185903930664062,0.9915779043844439,0.9898439435224177,0.0027590999007225036,0.023095899249781882,0.9375,200.15,199.8,0
0.37,0.46972076416015623,0.4690806274414063,0.3675921630859375,0.5943668823242187,0.08108108108108109,0.16216216216216217,0.016236271858215332,0.03332551515631595,0.875,0.3,0.6,0
20.125,0.18868598937988282,0.16785708618164064,0.03364520645141601,0.5415459594726563,0.9893167701863355,0.9900621118012423,0.002159692347049713,0.03317220377636017,0.9375,199.1,199.25,1
0.475,0.47138113403320314,0.4754366455078125,0.22655683898925782,0.5634216918945313,0.10526315789473684,0.12631578947368421,0.0073126876354217525,0.0528313419493429,0.875,0.5,0.6,0
9.005,0.18754615783691406,0.16036209106445312,0.01720465087890625,0.5702034912109375,0.9900055524708495,0.9900055524708495,0.0028233236074447633,0.01992052668477528,1.0,89.15,89.15,1
0.11,0.4318587646484375,0.44523675537109375,0.19204165649414062,0.6230313110351563,0.22727272727272727,0.4090909090909091,0.009549764394760131,0.05306268539521765,0.75,0.25,0.45,0
8.27,0.20359382629394532,0.18186257934570313,0.038,0.5986351318359375,0.9921402660217654,0.992744860943168,0.0027959927916526794,0.02103734561725982,1.0,82.05,82.1,1
0.475,0.47138113403320314,0.4754366455078125,0.22655683898925782,0.5634216918945313,0.10526315789473684,0.12631578947368421,0.0073126876354217525,0.0528313419493429,0.875,0.5,0.6,0
0.11,0.4318587646484375,0.44523675537109375,0.19204165649414062,0.6230313110351563,0.22727272727272727,0.4090909090909091,0.009549764394760131,0.05306268539521765,0.75,0.25,0.45,0
25.92,0.17110975646972656,0.1590157165527344,0.024331050872802733,0.49674139404296874,0.9947916666666666,0.9945987654320988,0.002228167802095413,0.016481389096306316,0.9375,257.85,257.8,1
21.215,0.16628823852539062,0.14267445373535156,0.021540658950805664,0.5242060546875,0.9884515672872968,0.9886872495875559,0.0020893539488315584,0.036585462266547755,0.9375,209.7,209.75,1
20.085,0.17236280822753905,0.1496128387451172,0.025845695495605468,0.6179352416992188,0.9882997261638038,0.988050784167289,0.002518065571784973,0.018567184759937454,0.9375,198.5,198.45,1
23.945,0.19157333374023439,0.1767484130859375,0.03594440078735352,0.58309521484375,0.9931092086030486,0.9924827730215077,0.0027742242813110353,0.025648123626550078,0.9375,237.8,237.65,1
0.475,0.47138113403320314,0.4754366455078125,0.22655683898925782,0.5634216918945313,0.10526315789473684,0.12631578947368421,0.0073126876354217525,0.0528313419493429,0.875,0.5,0.6,0
0.11,0.4318587646484375,0.44523675537109375,0.19204165649414062,0.6230313110351563,0.22727272727272727,0.4090909090909091,0.009549764394760131,0.05306268539521765,0.75,0.25,0.45,0
26.445,0.17193881225585939,0.15414279174804688,0.03292415618896485,0.5149097290039063,0.9954622802041974,0.9954622802041974,0.002241865396499634,0.018257204993339295,0.9375,263.25,263.25,1
0.1,0.43921054077148436,0.43706695556640623,0.3677336120605469,0.5622882080078125,0.25,0.45,0.015158089399337769,0.06765922856373169,0.6875,0.25,0.45,0
25.36,0.15998484802246093,0.14047769165039062,0.025534290313720703,0.5180347290039062,0.993493690851735,0.993493690851735,0.0021779271960258484,0.029835974576588088,0.9375,251.95,251.95,1
25.87,0.16874482727050782,0.15165750122070312,0.024413110733032227,0.5083070068359375,0.9945883262466177,0.9943950521839969,0.002326545715332031,0.019622111628419318,0.9375,257.3,257.25,1
25.47,0.18454232788085936,0.17058721923828124,0.044,0.5095292053222656,0.9954848841774637,0.9954848841774637,0.0021065402030944823,0.024419281633266298,0.9375,253.55,253.55,1
18.79,0.19402993774414062,0.17405172729492188,0.03334666442871094,0.525265625,0.9840340606705694,0.982969664715274,0.0030534490942955017,0.023042912118056265,0.9375,184.9,184.7,1
0.475,0.47138113403320314,0.4754366455078125,0.22655683898925782,0.5634216918945313,0.10526315789473684,0.12631578947368421,0.0073126876354217525,0.0528313419493429,0.875,0.5,0.6,0
22.315,0.18169235229492187,0.1551773223876953,0.02720294189453125,0.5121171875,0.9943983867353798,0.9935021286130405,0.002509150505065918,0.02718276524367083,0.9375,221.9,221.7,1
26.64,0.15280374145507813,0.13162066650390625,0.016733200073242187,0.5177103271484375,0.9962462462462462,0.996433933933934,0.002120182365179062,0.016556050062950654,0.9375,265.4,265.45,1
9.44,0.19017042541503906,0.16167247009277344,0.02764055061340332,0.5616903076171875,0.993114406779661,0.9936440677966102,0.0028826183080673216,0.07538886067880143,1.0,93.75,93.8,1
0.37,0.46972076416015623,0.4690806274414063,0.3675921630859375,0.5943668823242187,0.08108108108108109,0.16216216216216217,0.016236271858215332,0.03332551515631595,0.875,0.3,0.6,0
6.15,0.21416403198242187,0.18540225219726564,0.02749545478820801,0.6398999633789062,0.9788617886178862,0.9772357723577236,0.0033321046829223634,0.026263422321463774,0.9375,60.2,60.1,1
0.1,0.43921054077148436,0.43706695556640623,0.3677336120605469,0.5622882080078125,0.25,0.45,0.015158089399337769,0.06765922856373169,0.6875,0.25,0.45,0
11.23,0.1846114501953125,0.166421142578125,0.033105892181396486,0.5355184326171875,0.9772929652715939,0.9777382012466608,0.0022667914628982542,0.017380301977328896,0.9375,109.75,109.8,0
25.87,0.1667144012451172,0.15114892578125,0.02545584487915039,0.5400999755859375,0.9940085040587553,0.9940085040587553,0.0023320885002613067,0.03613931223857737,0.9375,257.15,257.15,1
0.335,0.45864620971679687,0.47437960815429686,0.19204165649414062,0.5888938598632812,0.07462686567164178,0.14925373134328357,0.001742611527442932,0.029597210942223878,0.9375,0.25,0.5,0
26.085,0.17307083129882814,0.15431137084960939,0.02545584487915039,0.5204613037109375,0.9907993099482462,0.9911826720337359,0.0021881726384162903,0.06190213201791485,0.9375,258.45,258.55,1
24.585,0.16046546936035155,0.1470102081298828,0.02545584487915039,0.5177489624023438,0.9926784624771202,0.9934919666463291,0.0023026418685913085,0.021235309656613473,0.9375,244.05,244.25,1
9.24,0.20520880126953125,0.1842009735107422,0.03322649383544922,0.5701788940429687,0.9924242424242424,0.9913419913419913,0.0031224173307418824,0.029893977409333604,1.0,91.7,91.6,1
0.37,0.46972076416015623,0.4690806274414063,0.3675921630859375,0.5943668823242187,0.08108108108108109,0.16216216216216217,0.016236271858215332,0.03332551515631595,0.875,0.3,0.6,0
23.49,0.18262632751464844,0.16690713500976562,0.036551334381103515,0.5171769409179687,0.991698595146871,0.9914857386121754,0.00217153862118721,0.01877903755579185,0.9375,232.95,232.9,1
11.23,0.1846114501953125,0.166421142578125,0.033105892181396486,0.5355184326171875,0.9772929652715939,0.9777382012466608,0.0022667914628982542,0.017380301977328896,0.9375,109.75,109.8,0
11.185,0.18455564880371095,0.1658915252685547,0.033105892181396486,0.5488278198242188,0.9772016092981672,0.9772016092981672,0.0036272183060646057,0.0292894423361366,0.9375,109.3,109.3,0
0.335,0.45864620971679687,0.47437960815429686,0.19204165649414062,0.5888938598632812,0.07462686567164178,0.14925373134328357,0.001742611527442932,0.029597210942223878,0.9375,0.25,0.5,0
0.335,0.45864620971679687,0.47437960815429686,0.19204165649414062,0.5888938598632812,0.07462686567164178,0.14925373134328357,0.001742611527442932,0.029597210942223878,0.9375,0.25,0.5,0
20.515,0.2671145324707031,0.2597768249511719,0.09110433959960937,0.5506541748046875,0.9907384840360711,0.9885449670972459,0.0037903034687042235,0.031619847020466135,0.9375,203.25,202.8,0
23.205,0.18844522094726562,0.1623699493408203,0.02607680892944336,0.5402332763671875,0.9937513466925232,0.993320405085111,0.002355692386627197,0.021824448162612177,0.9375,230.6,230.5,1
11.23,0.1846114501953125,0.166421142578125,0.033105892181396486,0.5355184326171875,0.9772929652715939,0.9777382012466608,0.0022667914628982542,0.017380301977328896,0.9375,109.75,109.8,0
25.275,0.1936999053955078,0.17841525268554687,0.039140769958496094,0.5520072631835937,0.9926805143422354,0.992482690405539,0.0024279025197029114,0.017884661850571353,0.9375,250.9,250.85,1
0.335,0.45864620971679687,0.47437960815429686,0.19204165649414062,0.5888938598632812,0.07462686567164178,0.14925373134328357,0.001742611527442932,0.029597210942223878,0.9375,0.25,0.5,0
9.295,0.19125267028808593,0.163511474609375,0.02078460884094238,0.5607637939453125,0.9903173749327595,0.9908552985476062,0.002574751377105713,0.02683029603707071,1.0,92.05,92.1,1
